version_added,version_revoked,reverse_patch,component,priority,min_lon,max_lon,min_lat,max_lat,spatial_complete,min_date,max_date,time_complete,npoints1,npoints2,displacement_type,error_type,max_displacement,spatial_model,time_function,time0,factor0,time1,factor1,decay,file1,file2,description
20130801,0,Y,1,0,166.0,176.05000000000001,-47.5,-40.125,Y,0,0,Y,68,60,3d,none,0.014679561807206644,llgrid,step,2004-12-23,-1.0,2004-12-23,0,0,grid_mq_L1.csv,,"Event: Macquarie Plate earthquake,  23 December 2004
Source model: Geodetic source model, based on GPS data; elastic half-space assumption; uniform slip on a rectangular fault plane
Version: Model qF7e, 12 May 2008
"
