lon,lat,de,dn
171.10000,-43.50000,0.0000,0.0000
171.25000,-43.50000,0.0000,0.0000
171.40000,-43.50000,0.0000,0.0000
171.55000,-43.50000,0.0000,0.0000
171.70000,-43.50000,0.0000,0.0000
171.85000,-43.50000,0.0000,0.0000
172.00000,-43.50000,0.0000,0.0000
172.15000,-43.50000,0.0000,0.0000
172.30000,-43.50000,0.0000,0.0000
172.45000,-43.50000,0.0000,0.0000
172.60000,-43.50000,0.0000,0.0000
172.75000,-43.50000,0.0000,0.0000
172.90000,-43.50000,0.0000,0.0000
173.05000,-43.50000,0.0000,0.0000
173.20000,-43.50000,0.0000,0.0000
173.35000,-43.50000,0.0000,0.0000
173.50000,-43.50000,0.0000,0.0000
173.65000,-43.50000,0.0000,0.0000
173.80000,-43.50000,0.0000,0.0000
173.95000,-43.50000,0.0000,0.0000
174.10000,-43.50000,0.0000,0.0000
174.25000,-43.50000,0.0000,0.0000
174.40000,-43.50000,0.0000,0.0000
174.55000,-43.50000,0.0000,0.0000
174.70000,-43.50000,0.0000,0.0000
174.85000,-43.50000,0.0000,0.0000
175.00000,-43.50000,0.0000,0.0000
175.15000,-43.50000,0.0000,0.0000
175.30000,-43.50000,0.0000,0.0000
175.45000,-43.50000,0.0000,0.0000
175.60000,-43.50000,0.0000,0.0000
175.75000,-43.50000,0.0000,0.0000
175.90000,-43.50000,0.0000,0.0000
176.05000,-43.50000,0.0000,0.0000
176.20000,-43.50000,0.0000,0.0000
176.35000,-43.50000,0.0000,0.0000
176.50000,-43.50000,0.0000,0.0000
176.65000,-43.50000,0.0000,0.0000
176.80000,-43.50000,0.0000,0.0000
176.95000,-43.50000,0.0000,0.0000
177.10000,-43.50000,0.0000,0.0000
177.25000,-43.50000,0.0000,0.0000
177.40000,-43.50000,0.0000,0.0000
171.10000,-43.37500,0.0000,0.0000
171.25000,-43.37500,0.0000,0.0000
171.40000,-43.37500,0.0000,0.0000
171.55000,-43.37500,0.0000,0.0000
171.70000,-43.37500,0.0000,0.0000
171.85000,-43.37500,0.0000,0.0000
172.00000,-43.37500,0.0000,0.0000
172.15000,-43.37500,0.0000,0.0000
172.30000,-43.37500,0.0000,0.0000
172.45000,-43.37500,0.0000,0.0000
172.60000,-43.37500,0.0000,0.0000
172.75000,-43.37500,0.0000,0.0000
172.90000,-43.37500,0.0000,0.0000
173.05000,-43.37500,0.0000,0.0000
173.20000,-43.37500,0.0000,0.0000
173.35000,-43.37500,0.0000,0.0000
173.50000,-43.37500,0.0000,0.0000
173.65000,-43.37500,0.0000,0.0000
173.80000,-43.37500,0.0000,0.0000
173.95000,-43.37500,0.0000,0.0000
174.10000,-43.37500,0.0000,0.0000
174.25000,-43.37500,0.0000,0.0000
174.40000,-43.37500,0.0000,0.0000
174.55000,-43.37500,0.0000,0.0000
174.70000,-43.37500,0.0000,0.0000
174.85000,-43.37500,0.0000,0.0000
175.00000,-43.37500,0.0000,0.0000
175.15000,-43.37500,0.0000,0.0000
175.30000,-43.37500,0.0000,0.0000
175.45000,-43.37500,0.0000,0.0000
175.60000,-43.37500,0.0000,0.0000
175.75000,-43.37500,0.0000,0.0000
175.90000,-43.37500,0.0000,0.0000
176.05000,-43.37500,0.0000,0.0000
176.20000,-43.37500,0.0000,0.0000
176.35000,-43.37500,0.0000,0.0000
176.50000,-43.37500,0.0000,0.0000
176.65000,-43.37500,0.0000,0.0000
176.80000,-43.37500,0.0000,0.0000
176.95000,-43.37500,0.0000,0.0000
177.10000,-43.37500,0.0000,0.0000
177.25000,-43.37500,0.0000,0.0000
177.40000,-43.37500,0.0000,0.0000
171.10000,-43.25000,0.0000,0.0000
171.25000,-43.25000,0.0000,0.0000
171.40000,-43.25000,0.0000,0.0000
171.55000,-43.25000,0.0000,0.0000
171.70000,-43.25000,0.0000,0.0000
171.85000,-43.25000,0.0000,0.0000
172.00000,-43.25000,0.0000,0.0000
172.15000,-43.25000,0.0000,0.0000
172.30000,-43.25000,0.0000,0.0000
172.45000,-43.25000,0.0000,0.0000
172.60000,-43.25000,0.0006,0.0001
172.75000,-43.25000,0.0002,0.0012
172.90000,-43.25000,0.0025,0.0022
173.05000,-43.25000,0.0000,0.0000
173.20000,-43.25000,0.0000,0.0000
173.35000,-43.25000,0.0000,0.0000
173.50000,-43.25000,0.0000,0.0000
173.65000,-43.25000,0.0000,0.0000
173.80000,-43.25000,0.0000,0.0000
173.95000,-43.25000,0.0000,0.0000
174.10000,-43.25000,0.0000,0.0000
174.25000,-43.25000,0.0000,0.0000
174.40000,-43.25000,0.0000,0.0000
174.55000,-43.25000,0.0000,0.0000
174.70000,-43.25000,0.0000,0.0000
174.85000,-43.25000,0.0000,0.0000
175.00000,-43.25000,0.0000,0.0000
175.15000,-43.25000,0.0000,0.0000
175.30000,-43.25000,0.0000,0.0000
175.45000,-43.25000,0.0000,0.0000
175.60000,-43.25000,0.0000,0.0000
175.75000,-43.25000,0.0000,0.0000
175.90000,-43.25000,0.0000,0.0000
176.05000,-43.25000,0.0000,0.0000
176.20000,-43.25000,0.0000,0.0000
176.35000,-43.25000,0.0000,0.0000
176.50000,-43.25000,0.0000,0.0000
176.65000,-43.25000,0.0000,0.0000
176.80000,-43.25000,0.0000,0.0000
176.95000,-43.25000,0.0000,0.0000
177.10000,-43.25000,0.0000,0.0000
177.25000,-43.25000,0.0000,0.0000
177.40000,-43.25000,0.0000,0.0000
171.10000,-43.12500,0.0000,0.0000
171.25000,-43.12500,0.0000,0.0000
171.40000,-43.12500,0.0000,0.0000
171.55000,-43.12500,0.0000,0.0000
171.70000,-43.12500,0.0000,0.0000
171.85000,-43.12500,0.0000,0.0000
172.00000,-43.12500,0.0000,0.0000
172.15000,-43.12500,-0.0002,-0.0005
172.30000,-43.12500,0.0002,-0.0008
172.45000,-43.12500,0.0013,-0.0006
172.60000,-43.12500,0.0016,-0.0007
172.75000,-43.12500,-0.0011,-0.0000
172.90000,-43.12500,0.0033,0.0029
173.05000,-43.12500,0.0182,0.0106
173.20000,-43.12500,0.0108,0.0077
173.35000,-43.12500,0.0000,0.0000
173.50000,-43.12500,0.0000,0.0000
173.65000,-43.12500,0.0000,0.0000
173.80000,-43.12500,0.0000,0.0000
173.95000,-43.12500,0.0000,0.0000
174.10000,-43.12500,0.0000,0.0000
174.25000,-43.12500,0.0000,0.0000
174.40000,-43.12500,0.0000,0.0000
174.55000,-43.12500,0.0000,0.0000
174.70000,-43.12500,0.0000,0.0000
174.85000,-43.12500,0.0000,0.0000
175.00000,-43.12500,0.0000,0.0000
175.15000,-43.12500,0.0000,0.0000
175.30000,-43.12500,0.0000,0.0000
175.45000,-43.12500,0.0000,0.0000
175.60000,-43.12500,0.0000,0.0000
175.75000,-43.12500,0.0000,0.0000
175.90000,-43.12500,0.0000,0.0000
176.05000,-43.12500,0.0000,0.0000
176.20000,-43.12500,0.0000,0.0000
176.35000,-43.12500,0.0000,0.0000
176.50000,-43.12500,0.0000,0.0000
176.65000,-43.12500,0.0000,0.0000
176.80000,-43.12500,0.0000,0.0000
176.95000,-43.12500,0.0000,0.0000
177.10000,-43.12500,0.0000,0.0000
177.25000,-43.12500,0.0000,0.0000
177.40000,-43.12500,0.0000,0.0000
171.10000,-43.00000,0.0000,0.0000
171.25000,-43.00000,0.0000,0.0000
171.40000,-43.00000,0.0000,0.0000
171.55000,-43.00000,0.0000,0.0000
171.70000,-43.00000,0.0000,0.0000
171.85000,-43.00000,0.0000,0.0000
172.00000,-43.00000,0.0000,0.0000
172.15000,-43.00000,-0.0004,-0.0015
172.30000,-43.00000,0.0002,-0.0026
172.45000,-43.00000,0.0023,-0.0024
172.60000,-43.00000,0.0058,0.0003
172.75000,-43.00000,-0.0034,-0.0079
172.90000,-43.00000,-0.0020,-0.0131
173.05000,-43.00000,0.0238,0.0102
173.20000,-43.00000,0.0184,0.0241
173.35000,-43.00000,0.0094,0.0191
173.50000,-43.00000,0.0000,0.0000
173.65000,-43.00000,0.0000,0.0000
173.80000,-43.00000,0.0000,0.0000
173.95000,-43.00000,0.0000,0.0000
174.10000,-43.00000,0.0000,0.0000
174.25000,-43.00000,0.0000,0.0000
174.40000,-43.00000,0.0000,0.0000
174.55000,-43.00000,0.0000,0.0000
174.70000,-43.00000,0.0000,0.0000
174.85000,-43.00000,0.0000,0.0000
175.00000,-43.00000,0.0000,0.0000
175.15000,-43.00000,0.0000,0.0000
175.30000,-43.00000,0.0000,0.0000
175.45000,-43.00000,0.0000,0.0000
175.60000,-43.00000,0.0000,0.0000
175.75000,-43.00000,0.0000,0.0000
175.90000,-43.00000,0.0000,0.0000
176.05000,-43.00000,0.0000,0.0000
176.20000,-43.00000,0.0000,0.0000
176.35000,-43.00000,0.0000,0.0000
176.50000,-43.00000,0.0000,0.0000
176.65000,-43.00000,0.0000,0.0000
176.80000,-43.00000,0.0000,0.0000
176.95000,-43.00000,0.0000,0.0000
177.10000,-43.00000,0.0000,0.0000
177.25000,-43.00000,0.0000,0.0000
177.40000,-43.00000,0.0000,0.0000
171.10000,-42.87500,0.0000,0.0000
171.25000,-42.87500,0.0000,0.0000
171.40000,-42.87500,0.0000,0.0000
171.55000,-42.87500,0.0000,0.0000
171.70000,-42.87500,0.0000,0.0000
171.85000,-42.87500,0.0000,0.0000
172.00000,-42.87500,0.0000,0.0000
172.15000,-42.87500,-0.0004,-0.0029
172.30000,-42.87500,0.0004,-0.0062
172.45000,-42.87500,0.0030,-0.0096
172.60000,-42.87500,0.0109,-0.0117
172.75000,-42.87500,-0.0036,-0.0437
172.90000,-42.87500,-0.0346,-0.0594
173.05000,-42.87500,-0.0173,-0.0150
173.20000,-42.87500,0.0130,0.0533
173.35000,-42.87500,0.0270,0.0711
173.50000,-42.87500,0.0000,0.0000
173.65000,-42.87500,0.0000,0.0000
173.80000,-42.87500,0.0000,0.0000
173.95000,-42.87500,0.0000,0.0000
174.10000,-42.87500,0.0000,0.0000
174.25000,-42.87500,0.0000,0.0000
174.40000,-42.87500,0.0000,0.0000
174.55000,-42.87500,0.0000,0.0000
174.70000,-42.87500,0.0000,0.0000
174.85000,-42.87500,0.0000,0.0000
175.00000,-42.87500,0.0000,0.0000
175.15000,-42.87500,0.0000,0.0000
175.30000,-42.87500,0.0000,0.0000
175.45000,-42.87500,0.0000,0.0000
175.60000,-42.87500,0.0000,0.0000
175.75000,-42.87500,0.0000,0.0000
175.90000,-42.87500,0.0000,0.0000
176.05000,-42.87500,0.0000,0.0000
176.20000,-42.87500,0.0000,0.0000
176.35000,-42.87500,0.0000,0.0000
176.50000,-42.87500,0.0000,0.0000
176.65000,-42.87500,0.0000,0.0000
176.80000,-42.87500,0.0000,0.0000
176.95000,-42.87500,0.0000,0.0000
177.10000,-42.87500,0.0000,0.0000
177.25000,-42.87500,0.0000,0.0000
177.40000,-42.87500,0.0000,0.0000
171.10000,-42.75000,0.0000,0.0000
171.25000,-42.75000,0.0000,0.0000
171.40000,-42.75000,0.0000,0.0000
171.55000,-42.75000,0.0000,0.0000
171.70000,-42.75000,0.0000,0.0000
171.85000,-42.75000,0.0000,0.0000
172.00000,-42.75000,0.0000,0.0000
172.15000,-42.75000,-0.0000,-0.0038
172.30000,-42.75000,0.0014,-0.0101
172.45000,-42.75000,0.0050,-0.0200
172.60000,-42.75000,0.0122,-0.0380
172.75000,-42.75000,0.0156,-0.0838
172.90000,-42.75000,-0.1081,-0.1606
173.05000,-42.75000,-0.0853,-0.0870
173.20000,-42.75000,-0.0156,0.0086
173.35000,-42.75000,0.0106,0.0381
173.50000,-42.75000,0.0073,0.0156
173.65000,-42.75000,0.0000,0.0000
173.80000,-42.75000,0.0000,0.0000
173.95000,-42.75000,0.0000,0.0000
174.10000,-42.75000,0.0000,0.0000
174.25000,-42.75000,0.0000,0.0000
174.40000,-42.75000,0.0000,0.0000
174.55000,-42.75000,0.0000,0.0000
174.70000,-42.75000,0.0000,0.0000
174.85000,-42.75000,0.0000,0.0000
175.00000,-42.75000,0.0000,0.0000
175.15000,-42.75000,0.0000,0.0000
175.30000,-42.75000,0.0000,0.0000
175.45000,-42.75000,0.0000,0.0000
175.60000,-42.75000,0.0000,0.0000
175.75000,-42.75000,0.0000,0.0000
175.90000,-42.75000,0.0000,0.0000
176.05000,-42.75000,0.0000,0.0000
176.20000,-42.75000,0.0000,0.0000
176.35000,-42.75000,0.0000,0.0000
176.50000,-42.75000,0.0000,0.0000
176.65000,-42.75000,0.0000,0.0000
176.80000,-42.75000,0.0000,0.0000
176.95000,-42.75000,0.0000,0.0000
177.10000,-42.75000,0.0000,0.0000
177.25000,-42.75000,0.0000,0.0000
177.40000,-42.75000,0.0000,0.0000
171.10000,-42.62500,0.0000,0.0000
171.25000,-42.62500,0.0000,0.0000
171.40000,-42.62500,0.0000,0.0000
171.55000,-42.62500,0.0000,0.0000
171.70000,-42.62500,0.0000,0.0000
171.85000,-42.62500,-0.0005,-0.0008
172.00000,-42.62500,-0.0003,-0.0013
172.15000,-42.62500,0.0000,0.0000
172.30000,-42.62500,0.0031,-0.0107
172.45000,-42.62500,0.0074,-0.0209
172.60000,-42.62500,0.0144,-0.0330
172.75000,-42.62500,0.0338,-0.0427
172.90000,-42.62500,-0.1069,-0.1122
173.05000,-42.62500,-0.0948,-0.0867
173.20000,-42.62500,-0.0232,-0.0288
173.35000,-42.62500,0.0005,-0.0015
173.50000,-42.62500,0.0050,0.0045
173.65000,-42.62500,0.0000,0.0000
173.80000,-42.62500,0.0000,0.0000
173.95000,-42.62500,0.0000,0.0000
174.10000,-42.62500,0.0000,0.0000
174.25000,-42.62500,0.0000,0.0000
174.40000,-42.62500,0.0000,0.0000
174.55000,-42.62500,0.0000,0.0000
174.70000,-42.62500,0.0000,0.0000
174.85000,-42.62500,0.0000,0.0000
175.00000,-42.62500,0.0000,0.0000
175.15000,-42.62500,0.0000,0.0000
175.30000,-42.62500,0.0000,0.0000
175.45000,-42.62500,0.0000,0.0000
175.60000,-42.62500,0.0000,0.0000
175.75000,-42.62500,0.0000,0.0000
175.90000,-42.62500,0.0000,0.0000
176.05000,-42.62500,0.0000,0.0000
176.20000,-42.62500,0.0000,0.0000
176.35000,-42.62500,0.0000,0.0000
176.50000,-42.62500,0.0000,0.0000
176.65000,-42.62500,0.0000,0.0000
176.80000,-42.62500,0.0000,0.0000
176.95000,-42.62500,0.0000,0.0000
177.10000,-42.62500,0.0000,0.0000
177.25000,-42.62500,0.0000,0.0000
177.40000,-42.62500,0.0000,0.0000
171.10000,-42.50000,0.0000,0.0000
171.25000,-42.50000,0.0000,0.0000
171.40000,-42.50000,0.0000,0.0000
171.55000,-42.50000,0.0000,0.0000
171.70000,-42.50000,0.0000,0.0000
171.85000,-42.50000,-0.0008,-0.0021
172.00000,-42.50000,-0.0007,-0.0039
172.15000,-42.50000,0.0008,-0.0068
172.30000,-42.50000,0.0038,-0.0119
172.45000,-42.50000,0.0068,-0.0184
172.60000,-42.50000,0.0097,-0.0253
172.75000,-42.50000,0.0045,-0.0275
172.90000,-42.50000,-0.0508,-0.0364
173.05000,-42.50000,-0.0587,-0.0352
173.20000,-42.50000,0.0000,0.0000
173.35000,-42.50000,-0.0025,-0.0026
173.50000,-42.50000,0.0014,-0.0001
173.65000,-42.50000,0.0000,0.0000
173.80000,-42.50000,0.0000,0.0000
173.95000,-42.50000,0.0000,0.0000
174.10000,-42.50000,0.0000,0.0000
174.25000,-42.50000,0.0000,0.0000
174.40000,-42.50000,0.0000,0.0000
174.55000,-42.50000,0.0000,0.0000
174.70000,-42.50000,0.0000,0.0000
174.85000,-42.50000,0.0000,0.0000
175.00000,-42.50000,0.0000,0.0000
175.15000,-42.50000,0.0000,0.0000
175.30000,-42.50000,0.0000,0.0000
175.45000,-42.50000,0.0000,0.0000
175.60000,-42.50000,0.0000,0.0000
175.75000,-42.50000,0.0000,0.0000
175.90000,-42.50000,0.0000,0.0000
176.05000,-42.50000,0.0000,0.0000
176.20000,-42.50000,0.0000,0.0000
176.35000,-42.50000,0.0000,0.0000
176.50000,-42.50000,0.0000,0.0000
176.65000,-42.50000,0.0000,0.0000
176.80000,-42.50000,0.0000,0.0000
176.95000,-42.50000,0.0000,0.0000
177.10000,-42.50000,0.0000,0.0000
177.25000,-42.50000,0.0000,0.0000
177.40000,-42.50000,0.0000,0.0000
171.10000,-42.37500,0.0000,0.0000
171.25000,-42.37500,0.0000,0.0000
171.40000,-42.37500,0.0000,0.0000
171.55000,-42.37500,0.0000,0.0000
171.70000,-42.37500,-0.0007,-0.0018
171.85000,-42.37500,-0.0010,-0.0036
172.00000,-42.37500,-0.0007,-0.0057
172.15000,-42.37500,0.0005,-0.0084
172.30000,-42.37500,0.0025,-0.0117
172.45000,-42.37500,0.0041,-0.0150
172.60000,-42.37500,0.0031,-0.0171
172.75000,-42.37500,-0.0059,-0.0161
172.90000,-42.37500,-0.0296,-0.0168
173.05000,-42.37500,-0.0352,-0.0183
173.20000,-42.37500,-0.0121,-0.0100
173.35000,-42.37500,0.0000,0.0000
173.50000,-42.37500,0.0000,0.0000
173.65000,-42.37500,0.0000,0.0000
173.80000,-42.37500,0.0000,0.0000
173.95000,-42.37500,0.0000,0.0000
174.10000,-42.37500,0.0000,0.0000
174.25000,-42.37500,0.0000,0.0000
174.40000,-42.37500,0.0000,0.0000
174.55000,-42.37500,0.0000,0.0000
174.70000,-42.37500,0.0000,0.0000
174.85000,-42.37500,0.0000,0.0000
175.00000,-42.37500,0.0000,0.0000
175.15000,-42.37500,0.0000,0.0000
175.30000,-42.37500,0.0000,0.0000
175.45000,-42.37500,0.0000,0.0000
175.60000,-42.37500,0.0000,0.0000
175.75000,-42.37500,0.0000,0.0000
175.90000,-42.37500,0.0000,0.0000
176.05000,-42.37500,0.0000,0.0000
176.20000,-42.37500,0.0000,0.0000
176.35000,-42.37500,0.0000,0.0000
176.50000,-42.37500,0.0000,0.0000
176.65000,-42.37500,0.0000,0.0000
176.80000,-42.37500,0.0000,0.0000
176.95000,-42.37500,0.0000,0.0000
177.10000,-42.37500,0.0000,0.0000
177.25000,-42.37500,0.0000,0.0000
177.40000,-42.37500,0.0000,0.0000
171.10000,-42.25000,0.0000,0.0000
171.25000,-42.25000,0.0000,0.0000
171.40000,-42.25000,0.0000,0.0000
171.55000,-42.25000,-0.0006,-0.0013
171.70000,-42.25000,-0.0013,-0.0030
171.85000,-42.25000,-0.0016,-0.0046
172.00000,-42.25000,-0.0012,-0.0065
172.15000,-42.25000,-0.0004,-0.0085
172.30000,-42.25000,0.0006,-0.0105
172.45000,-42.25000,0.0007,-0.0119
172.60000,-42.25000,-0.0018,-0.0121
172.75000,-42.25000,-0.0091,-0.0110
172.90000,-42.25000,-0.0203,-0.0110
173.05000,-42.25000,-0.0228,-0.0117
173.20000,-42.25000,-0.0129,-0.0082
173.35000,-42.25000,0.0000,0.0000
173.50000,-42.25000,0.0000,0.0000
173.65000,-42.25000,0.0000,0.0000
173.80000,-42.25000,0.0000,0.0000
173.95000,-42.25000,0.0000,0.0000
174.10000,-42.25000,0.0000,0.0000
174.25000,-42.25000,0.0000,0.0000
174.40000,-42.25000,0.0000,0.0000
174.55000,-42.25000,0.0000,0.0000
174.70000,-42.25000,0.0000,0.0000
174.85000,-42.25000,0.0000,0.0000
175.00000,-42.25000,0.0000,0.0000
175.15000,-42.25000,0.0000,0.0000
175.30000,-42.25000,0.0000,0.0000
175.45000,-42.25000,0.0000,0.0000
175.60000,-42.25000,0.0000,0.0000
175.75000,-42.25000,0.0000,0.0000
175.90000,-42.25000,0.0000,0.0000
176.05000,-42.25000,0.0000,0.0000
176.20000,-42.25000,0.0000,0.0000
176.35000,-42.25000,0.0000,0.0000
176.50000,-42.25000,0.0000,0.0000
176.65000,-42.25000,0.0000,0.0000
176.80000,-42.25000,0.0000,0.0000
176.95000,-42.25000,0.0000,0.0000
177.10000,-42.25000,0.0000,0.0000
177.25000,-42.25000,0.0000,0.0000
177.40000,-42.25000,0.0000,0.0000
171.10000,-42.12500,0.0000,0.0000
171.25000,-42.12500,0.0000,0.0000
171.40000,-42.12500,0.0000,0.0000
171.55000,-42.12500,-0.0010,-0.0017
171.70000,-42.12500,-0.0018,-0.0035
171.85000,-42.12500,-0.0024,-0.0053
172.00000,-42.12500,-0.0019,-0.0066
172.15000,-42.12500,-0.0016,-0.0081
172.30000,-42.12500,-0.0016,-0.0093
172.45000,-42.12500,-0.0023,-0.0099
172.60000,-42.12500,-0.0050,-0.0097
172.75000,-42.12500,-0.0100,-0.0092
172.90000,-42.12500,-0.0155,-0.0093
173.05000,-42.12500,-0.0169,-0.0096
173.20000,-42.12500,-0.0117,-0.0080
173.35000,-42.12500,-0.0040,-0.0043
173.50000,-42.12500,-0.0007,-0.0013
173.65000,-42.12500,0.0000,0.0000
173.80000,-42.12500,0.0000,0.0000
173.95000,-42.12500,0.0000,0.0000
174.10000,-42.12500,0.0000,0.0000
174.25000,-42.12500,0.0000,0.0000
174.40000,-42.12500,0.0000,0.0000
174.55000,-42.12500,0.0000,0.0000
174.70000,-42.12500,0.0000,0.0000
174.85000,-42.12500,0.0000,0.0000
175.00000,-42.12500,0.0000,0.0000
175.15000,-42.12500,0.0000,0.0000
175.30000,-42.12500,0.0000,0.0000
175.45000,-42.12500,0.0000,0.0000
175.60000,-42.12500,0.0000,0.0000
175.75000,-42.12500,0.0000,0.0000
175.90000,-42.12500,0.0000,0.0000
176.05000,-42.12500,0.0000,0.0000
176.20000,-42.12500,0.0000,0.0000
176.35000,-42.12500,0.0000,0.0000
176.50000,-42.12500,0.0000,0.0000
176.65000,-42.12500,0.0000,0.0000
176.80000,-42.12500,0.0000,0.0000
176.95000,-42.12500,0.0000,0.0000
177.10000,-42.12500,0.0000,0.0000
177.25000,-42.12500,0.0000,0.0000
177.40000,-42.12500,0.0000,0.0000
171.10000,-42.00000,0.0000,0.0000
171.25000,-42.00000,0.0000,0.0000
171.40000,-42.00000,0.0000,0.0000
171.55000,-42.00000,-0.0014,-0.0019
171.70000,-42.00000,-0.0022,-0.0035
171.85000,-42.00000,-0.0028,-0.0051
172.00000,-42.00000,-0.0026,-0.0063
172.15000,-42.00000,-0.0027,-0.0075
172.30000,-42.00000,-0.0035,-0.0083
172.45000,-42.00000,-0.0046,-0.0088
172.60000,-42.00000,-0.0069,-0.0091
172.75000,-42.00000,-0.0103,-0.0092
172.90000,-42.00000,-0.0133,-0.0096
173.05000,-42.00000,-0.0144,-0.0098
173.20000,-42.00000,-0.0115,-0.0084
173.35000,-42.00000,-0.0059,-0.0051
173.50000,-42.00000,-0.0012,-0.0018
173.65000,-42.00000,0.0000,0.0000
173.80000,-42.00000,0.0000,0.0000
173.95000,-42.00000,0.0000,0.0000
174.10000,-42.00000,0.0000,0.0000
174.25000,-42.00000,0.0000,0.0000
174.40000,-42.00000,0.0000,0.0000
174.55000,-42.00000,0.0000,0.0000
174.70000,-42.00000,0.0000,0.0000
174.85000,-42.00000,0.0000,0.0000
175.00000,-42.00000,0.0000,0.0000
175.15000,-42.00000,0.0000,0.0000
175.30000,-42.00000,0.0000,0.0000
175.45000,-42.00000,0.0000,0.0000
175.60000,-42.00000,0.0000,0.0000
175.75000,-42.00000,0.0000,0.0000
175.90000,-42.00000,0.0000,0.0000
176.05000,-42.00000,0.0000,0.0000
176.20000,-42.00000,0.0000,0.0000
176.35000,-42.00000,0.0000,0.0000
176.50000,-42.00000,0.0000,0.0000
176.65000,-42.00000,0.0000,0.0000
176.80000,-42.00000,0.0000,0.0000
176.95000,-42.00000,0.0000,0.0000
177.10000,-42.00000,0.0000,0.0000
177.25000,-42.00000,0.0000,0.0000
177.40000,-42.00000,0.0000,0.0000
171.10000,-41.87500,0.0000,0.0000
171.25000,-41.87500,0.0000,0.0000
171.40000,-41.87500,-0.0008,-0.0011
171.55000,-41.87500,-0.0021,-0.0024
171.70000,-41.87500,-0.0029,-0.0036
171.85000,-41.87500,-0.0032,-0.0048
172.00000,-41.87500,-0.0032,-0.0058
172.15000,-41.87500,-0.0036,-0.0068
172.30000,-41.87500,-0.0050,-0.0076
172.45000,-41.87500,-0.0060,-0.0084
172.60000,-41.87500,-0.0080,-0.0093
172.75000,-41.87500,-0.0106,-0.0103
172.90000,-41.87500,-0.0124,-0.0115
173.05000,-41.87500,-0.0136,-0.0116
173.20000,-41.87500,-0.0127,-0.0099
173.35000,-41.87500,-0.0087,-0.0064
173.50000,-41.87500,0.0000,0.0000
173.65000,-41.87500,0.0000,0.0000
173.80000,-41.87500,0.0000,0.0000
173.95000,-41.87500,0.0000,0.0000
174.10000,-41.87500,0.0000,0.0000
174.25000,-41.87500,0.0000,0.0000
174.40000,-41.87500,0.0000,0.0000
174.55000,-41.87500,0.0000,0.0000
174.70000,-41.87500,0.0000,0.0000
174.85000,-41.87500,0.0000,0.0000
175.00000,-41.87500,0.0000,0.0000
175.15000,-41.87500,0.0000,0.0000
175.30000,-41.87500,0.0000,0.0000
175.45000,-41.87500,0.0000,0.0000
175.60000,-41.87500,0.0000,0.0000
175.75000,-41.87500,0.0000,0.0000
175.90000,-41.87500,0.0000,0.0000
176.05000,-41.87500,0.0000,0.0000
176.20000,-41.87500,0.0000,0.0000
176.35000,-41.87500,0.0000,0.0000
176.50000,-41.87500,0.0000,0.0000
176.65000,-41.87500,0.0000,0.0000
176.80000,-41.87500,0.0000,0.0000
176.95000,-41.87500,0.0000,0.0000
177.10000,-41.87500,0.0000,0.0000
177.25000,-41.87500,0.0000,0.0000
177.40000,-41.87500,0.0000,0.0000
171.10000,-41.75000,0.0000,0.0000
171.25000,-41.75000,0.0000,0.0000
171.40000,-41.75000,-0.0008,-0.0011
171.55000,-41.75000,-0.0023,-0.0029
171.70000,-41.75000,-0.0034,-0.0038
171.85000,-41.75000,-0.0035,-0.0044
172.00000,-41.75000,-0.0034,-0.0052
172.15000,-41.75000,-0.0039,-0.0060
172.30000,-41.75000,-0.0053,-0.0070
172.45000,-41.75000,-0.0064,-0.0082
172.60000,-41.75000,-0.0084,-0.0096
172.75000,-41.75000,-0.0107,-0.0114
172.90000,-41.75000,-0.0120,-0.0143
173.05000,-41.75000,-0.0143,-0.0144
173.20000,-41.75000,-0.0150,-0.0126
173.35000,-41.75000,-0.0121,-0.0111
173.50000,-41.75000,-0.0060,-0.0093
173.65000,-41.75000,-0.0014,-0.0077
173.80000,-41.75000,0.0036,-0.0054
173.95000,-41.75000,0.0000,0.0000
174.10000,-41.75000,0.0000,0.0000
174.25000,-41.75000,0.0000,0.0000
174.40000,-41.75000,0.0000,0.0000
174.55000,-41.75000,0.0000,0.0000
174.70000,-41.75000,0.0000,0.0000
174.85000,-41.75000,0.0000,0.0000
175.00000,-41.75000,0.0000,0.0000
175.15000,-41.75000,0.0000,0.0000
175.30000,-41.75000,0.0000,0.0000
175.45000,-41.75000,0.0000,0.0000
175.60000,-41.75000,0.0000,0.0000
175.75000,-41.75000,0.0000,0.0000
175.90000,-41.75000,0.0000,0.0000
176.05000,-41.75000,0.0000,0.0000
176.20000,-41.75000,0.0000,0.0000
176.35000,-41.75000,0.0000,0.0000
176.50000,-41.75000,0.0000,0.0000
176.65000,-41.75000,0.0000,0.0000
176.80000,-41.75000,0.0000,0.0000
176.95000,-41.75000,0.0000,0.0000
177.10000,-41.75000,0.0000,0.0000
177.25000,-41.75000,0.0000,0.0000
177.40000,-41.75000,0.0000,0.0000
171.10000,-41.62500,0.0000,0.0000
171.25000,-41.62500,0.0000,0.0000
171.40000,-41.62500,-0.0003,-0.0005
171.55000,-41.62500,-0.0010,-0.0013
171.70000,-41.62500,-0.0020,-0.0023
171.85000,-41.62500,-0.0034,-0.0036
172.00000,-41.62500,-0.0033,-0.0044
172.15000,-41.62500,-0.0037,-0.0051
172.30000,-41.62500,-0.0046,-0.0062
172.45000,-41.62500,-0.0060,-0.0076
172.60000,-41.62500,-0.0083,-0.0092
172.75000,-41.62500,-0.0109,-0.0110
172.90000,-41.62500,-0.0138,-0.0127
173.05000,-41.62500,-0.0171,-0.0138
173.20000,-41.62500,-0.0184,-0.0145
173.35000,-41.62500,-0.0157,-0.0156
173.50000,-41.62500,-0.0099,-0.0176
173.65000,-41.62500,-0.0032,-0.0203
173.80000,-41.62500,0.0073,-0.0220
173.95000,-41.62500,0.0345,-0.0278
174.10000,-41.62500,0.0274,-0.0326
174.25000,-41.62500,0.0111,-0.0181
174.40000,-41.62500,0.0000,0.0000
174.55000,-41.62500,0.0000,0.0000
174.70000,-41.62500,0.0000,0.0000
174.85000,-41.62500,0.0000,0.0000
175.00000,-41.62500,0.0000,0.0000
175.15000,-41.62500,0.0010,-0.0067
175.30000,-41.62500,0.0009,-0.0075
175.45000,-41.62500,0.0006,-0.0057
175.60000,-41.62500,0.0005,-0.0033
175.75000,-41.62500,0.0000,0.0000
175.90000,-41.62500,0.0000,0.0000
176.05000,-41.62500,0.0000,0.0000
176.20000,-41.62500,0.0000,0.0000
176.35000,-41.62500,0.0000,0.0000
176.50000,-41.62500,0.0000,0.0000
176.65000,-41.62500,0.0000,0.0000
176.80000,-41.62500,0.0000,0.0000
176.95000,-41.62500,0.0000,0.0000
177.10000,-41.62500,0.0000,0.0000
177.25000,-41.62500,0.0000,0.0000
177.40000,-41.62500,0.0000,0.0000
171.10000,-41.50000,0.0000,0.0000
171.25000,-41.50000,0.0000,0.0000
171.40000,-41.50000,0.0000,0.0000
171.55000,-41.50000,0.0000,0.0000
171.70000,-41.50000,0.0000,0.0000
171.85000,-41.50000,-0.0018,-0.0019
172.00000,-41.50000,-0.0028,-0.0032
172.15000,-41.50000,-0.0032,-0.0040
172.30000,-41.50000,-0.0038,-0.0049
172.45000,-41.50000,-0.0051,-0.0064
172.60000,-41.50000,-0.0079,-0.0081
172.75000,-41.50000,-0.0112,-0.0097
172.90000,-41.50000,-0.0152,-0.0114
173.05000,-41.50000,-0.0205,-0.0129
173.20000,-41.50000,-0.0231,-0.0152
173.35000,-41.50000,-0.0203,-0.0190
173.50000,-41.50000,-0.0126,-0.0256
173.65000,-41.50000,-0.0041,-0.0360
173.80000,-41.50000,0.0102,-0.0516
173.95000,-41.50000,0.0457,-0.0913
174.10000,-41.50000,0.0373,-0.0688
174.25000,-41.50000,0.0122,-0.0308
174.40000,-41.50000,0.0000,0.0000
174.55000,-41.50000,0.0000,0.0000
174.70000,-41.50000,0.0000,0.0000
174.85000,-41.50000,-0.0006,-0.0195
175.00000,-41.50000,0.0025,-0.0216
175.15000,-41.50000,0.0017,-0.0197
175.30000,-41.50000,0.0011,-0.0159
175.45000,-41.50000,0.0003,-0.0117
175.60000,-41.50000,0.0001,-0.0078
175.75000,-41.50000,0.0001,-0.0040
175.90000,-41.50000,0.0000,0.0000
176.05000,-41.50000,0.0000,0.0000
176.20000,-41.50000,0.0000,0.0000
176.35000,-41.50000,0.0000,0.0000
176.50000,-41.50000,0.0000,0.0000
176.65000,-41.50000,0.0000,0.0000
176.80000,-41.50000,0.0000,0.0000
176.95000,-41.50000,0.0000,0.0000
177.10000,-41.50000,0.0000,0.0000
177.25000,-41.50000,0.0000,0.0000
177.40000,-41.50000,0.0000,0.0000
171.10000,-41.37500,0.0000,0.0000
171.25000,-41.37500,0.0000,0.0000
171.40000,-41.37500,0.0000,0.0000
171.55000,-41.37500,0.0000,0.0000
171.70000,-41.37500,0.0000,0.0000
171.85000,-41.37500,0.0000,0.0000
172.00000,-41.37500,-0.0020,-0.0019
172.15000,-41.37500,-0.0028,-0.0029
172.30000,-41.37500,-0.0028,-0.0033
172.45000,-41.37500,-0.0034,-0.0043
172.60000,-41.37500,-0.0073,-0.0063
172.75000,-41.37500,-0.0113,-0.0080
172.90000,-41.37500,-0.0159,-0.0091
173.05000,-41.37500,-0.0235,-0.0096
173.20000,-41.37500,-0.0294,-0.0125
173.35000,-41.37500,-0.0255,-0.0199
173.50000,-41.37500,-0.0136,-0.0299
173.65000,-41.37500,-0.0047,-0.0451
173.80000,-41.37500,0.0058,-0.0663
173.95000,-41.37500,0.0205,-0.0848
174.10000,-41.37500,0.0169,-0.0728
174.25000,-41.37500,0.0054,-0.0388
174.40000,-41.37500,0.0000,0.0000
174.55000,-41.37500,-0.0056,-0.0309
174.70000,-41.37500,-0.0118,-0.0674
174.85000,-41.37500,-0.0042,-0.0684
175.00000,-41.37500,0.0022,-0.0441
175.15000,-41.37500,-0.0009,-0.0353
175.30000,-41.37500,-0.0004,-0.0237
175.45000,-41.37500,-0.0009,-0.0167
175.60000,-41.37500,-0.0007,-0.0118
175.75000,-41.37500,-0.0003,-0.0078
175.90000,-41.37500,0.0001,-0.0041
176.05000,-41.37500,0.0000,0.0000
176.20000,-41.37500,0.0000,0.0000
176.35000,-41.37500,0.0000,0.0000
176.50000,-41.37500,0.0000,0.0000
176.65000,-41.37500,0.0000,0.0000
176.80000,-41.37500,0.0000,0.0000
176.95000,-41.37500,0.0000,0.0000
177.10000,-41.37500,0.0000,0.0000
177.25000,-41.37500,0.0000,0.0000
177.40000,-41.37500,0.0000,0.0000
171.10000,-41.25000,0.0000,0.0000
171.25000,-41.25000,0.0000,0.0000
171.40000,-41.25000,0.0000,0.0000
171.55000,-41.25000,0.0000,0.0000
171.70000,-41.25000,0.0000,0.0000
171.85000,-41.25000,0.0000,0.0000
172.00000,-41.25000,-0.0014,-0.0012
172.15000,-41.25000,-0.0026,-0.0022
172.30000,-41.25000,-0.0024,-0.0018
172.45000,-41.25000,0.0000,0.0000
172.60000,-41.25000,-0.0065,-0.0041
172.75000,-41.25000,-0.0110,-0.0063
172.90000,-41.25000,-0.0159,-0.0072
173.05000,-41.25000,-0.0204,-0.0079
173.20000,-41.25000,-0.0265,-0.0092
173.35000,-41.25000,-0.0304,-0.0177
173.50000,-41.25000,-0.0118,-0.0291
173.65000,-41.25000,-0.0038,-0.0435
173.80000,-41.25000,0.0010,-0.0653
173.95000,-41.25000,0.0074,-0.0955
174.10000,-41.25000,0.0039,-0.0920
174.25000,-41.25000,-0.0040,-0.0550
174.40000,-41.25000,-0.0004,-0.0347
174.55000,-41.25000,-0.0031,-0.0429
174.70000,-41.25000,-0.0202,-0.0827
174.85000,-41.25000,-0.0170,-0.0752
175.00000,-41.25000,0.0024,-0.0465
175.15000,-41.25000,-0.0021,-0.0354
175.30000,-41.25000,-0.0025,-0.0254
175.45000,-41.25000,-0.0026,-0.0188
175.60000,-41.25000,-0.0013,-0.0147
175.75000,-41.25000,-0.0005,-0.0113
175.90000,-41.25000,-0.0001,-0.0080
176.05000,-41.25000,0.0003,-0.0047
176.20000,-41.25000,0.0005,-0.0022
176.35000,-41.25000,0.0000,0.0000
176.50000,-41.25000,0.0000,0.0000
176.65000,-41.25000,0.0000,0.0000
176.80000,-41.25000,0.0000,0.0000
176.95000,-41.25000,0.0000,0.0000
177.10000,-41.25000,0.0000,0.0000
177.25000,-41.25000,0.0000,0.0000
177.40000,-41.25000,0.0000,0.0000
171.10000,-41.12500,0.0000,0.0000
171.25000,-41.12500,0.0000,0.0000
171.40000,-41.12500,0.0000,0.0000
171.55000,-41.12500,0.0000,0.0000
171.70000,-41.12500,0.0000,0.0000
171.85000,-41.12500,0.0000,0.0000
172.00000,-41.12500,-0.0009,-0.0008
172.15000,-41.12500,-0.0019,-0.0016
172.30000,-41.12500,-0.0023,-0.0021
172.45000,-41.12500,-0.0024,-0.0024
172.60000,-41.12500,-0.0058,-0.0042
172.75000,-41.12500,-0.0102,-0.0059
172.90000,-41.12500,-0.0156,-0.0059
173.05000,-41.12500,-0.0162,-0.0062
173.20000,-41.12500,-0.0135,-0.0068
173.35000,-41.12500,-0.0143,-0.0135
173.50000,-41.12500,-0.0075,-0.0228
173.65000,-41.12500,-0.0018,-0.0326
173.80000,-41.12500,0.0027,-0.0437
173.95000,-41.12500,0.0033,-0.0515
174.10000,-41.12500,-0.0028,-0.0490
174.25000,-41.12500,-0.0066,-0.0387
174.40000,-41.12500,-0.0015,-0.0212
174.55000,-41.12500,0.0000,0.0000
174.70000,-41.12500,-0.0104,-0.0347
174.85000,-41.12500,-0.0066,-0.0503
175.00000,-41.12500,-0.0046,-0.0385
175.15000,-41.12500,-0.0028,-0.0265
175.30000,-41.12500,-0.0031,-0.0213
175.45000,-41.12500,-0.0026,-0.0186
175.60000,-41.12500,-0.0013,-0.0163
175.75000,-41.12500,-0.0002,-0.0140
175.90000,-41.12500,0.0000,-0.0110
176.05000,-41.12500,0.0002,-0.0078
176.20000,-41.12500,0.0004,-0.0041
176.35000,-41.12500,0.0000,0.0000
176.50000,-41.12500,0.0000,0.0000
176.65000,-41.12500,0.0000,0.0000
176.80000,-41.12500,0.0000,0.0000
176.95000,-41.12500,0.0000,0.0000
177.10000,-41.12500,0.0000,0.0000
177.25000,-41.12500,0.0000,0.0000
177.40000,-41.12500,0.0000,0.0000
171.10000,-41.00000,0.0000,0.0000
171.25000,-41.00000,0.0000,0.0000
171.40000,-41.00000,0.0000,0.0000
171.55000,-41.00000,0.0000,0.0000
171.70000,-41.00000,0.0000,0.0000
171.85000,-41.00000,0.0000,0.0000
172.00000,-41.00000,-0.0005,-0.0004
172.15000,-41.00000,-0.0014,-0.0011
172.30000,-41.00000,-0.0021,-0.0017
172.45000,-41.00000,-0.0030,-0.0022
172.60000,-41.00000,-0.0055,-0.0029
172.75000,-41.00000,-0.0093,-0.0037
172.90000,-41.00000,-0.0143,-0.0046
173.05000,-41.00000,-0.0132,-0.0044
173.20000,-41.00000,0.0000,0.0000
173.35000,-41.00000,0.0000,0.0000
173.50000,-41.00000,-0.0024,-0.0106
173.65000,-41.00000,-0.0003,-0.0176
173.80000,-41.00000,0.0015,-0.0235
173.95000,-41.00000,0.0004,-0.0263
174.10000,-41.00000,-0.0045,-0.0242
174.25000,-41.00000,-0.0041,-0.0151
174.40000,-41.00000,0.0000,0.0000
174.55000,-41.00000,0.0000,0.0000
174.70000,-41.00000,-0.0028,-0.0178
174.85000,-41.00000,-0.0033,-0.0363
175.00000,-41.00000,-0.0041,-0.0433
175.15000,-41.00000,-0.0028,-0.0291
175.30000,-41.00000,-0.0022,-0.0234
175.45000,-41.00000,-0.0007,-0.0208
175.60000,-41.00000,-0.0003,-0.0188
175.75000,-41.00000,0.0005,-0.0162
175.90000,-41.00000,0.0000,-0.0129
176.05000,-41.00000,0.0000,-0.0096
176.20000,-41.00000,0.0002,-0.0061
176.35000,-41.00000,0.0004,-0.0027
176.50000,-41.00000,0.0000,0.0000
176.65000,-41.00000,0.0000,0.0000
176.80000,-41.00000,0.0000,0.0000
176.95000,-41.00000,0.0000,0.0000
177.10000,-41.00000,0.0000,0.0000
177.25000,-41.00000,0.0000,0.0000
177.40000,-41.00000,0.0000,0.0000
171.10000,-40.87500,0.0000,0.0000
171.25000,-40.87500,0.0000,0.0000
171.40000,-40.87500,0.0000,0.0000
171.55000,-40.87500,0.0000,0.0000
171.70000,-40.87500,0.0000,0.0000
171.85000,-40.87500,0.0000,0.0000
172.00000,-40.87500,0.0000,0.0000
172.15000,-40.87500,-0.0009,-0.0006
172.30000,-40.87500,-0.0018,-0.0011
172.45000,-40.87500,-0.0031,-0.0015
172.60000,-40.87500,-0.0052,-0.0017
172.75000,-40.87500,-0.0079,-0.0021
172.90000,-40.87500,-0.0095,-0.0025
173.05000,-40.87500,-0.0073,-0.0023
173.20000,-40.87500,0.0000,0.0000
173.35000,-40.87500,0.0000,0.0000
173.50000,-40.87500,0.0000,0.0000
173.65000,-40.87500,0.0000,0.0000
173.80000,-40.87500,0.0009,-0.0079
173.95000,-40.87500,0.0000,-0.0081
174.10000,-40.87500,0.0000,0.0000
174.25000,-40.87500,0.0000,0.0000
174.40000,-40.87500,0.0000,0.0000
174.55000,-40.87500,0.0000,0.0000
174.70000,-40.87500,0.0000,0.0000
174.85000,-40.87500,-0.0028,-0.0224
175.00000,-40.87500,-0.0030,-0.0293
175.15000,-40.87500,-0.0015,-0.0242
175.30000,-40.87500,-0.0011,-0.0231
175.45000,-40.87500,0.0031,-0.0226
175.60000,-40.87500,0.0026,-0.0205
175.75000,-40.87500,0.0005,-0.0169
175.90000,-40.87500,-0.0001,-0.0137
176.05000,-40.87500,-0.0000,-0.0107
176.20000,-40.87500,0.0002,-0.0077
176.35000,-40.87500,0.0004,-0.0041
176.50000,-40.87500,0.0000,0.0000
176.65000,-40.87500,0.0000,0.0000
176.80000,-40.87500,0.0000,0.0000
176.95000,-40.87500,0.0000,0.0000
177.10000,-40.87500,0.0000,0.0000
177.25000,-40.87500,0.0000,0.0000
177.40000,-40.87500,0.0000,0.0000
171.10000,-40.75000,0.0000,0.0000
171.25000,-40.75000,0.0000,0.0000
171.40000,-40.75000,0.0000,0.0000
171.55000,-40.75000,0.0000,0.0000
171.70000,-40.75000,0.0000,0.0000
171.85000,-40.75000,0.0000,0.0000
172.00000,-40.75000,0.0000,0.0000
172.15000,-40.75000,-0.0005,-0.0002
172.30000,-40.75000,-0.0014,-0.0006
172.45000,-40.75000,-0.0028,-0.0008
172.60000,-40.75000,-0.0049,-0.0008
172.75000,-40.75000,-0.0058,-0.0008
172.90000,-40.75000,-0.0049,-0.0011
173.05000,-40.75000,-0.0034,-0.0012
173.20000,-40.75000,0.0000,0.0000
173.35000,-40.75000,0.0000,0.0000
173.50000,-40.75000,0.0000,0.0000
173.65000,-40.75000,0.0000,0.0000
173.80000,-40.75000,0.0007,-0.0020
173.95000,-40.75000,-0.0003,-0.0020
174.10000,-40.75000,0.0000,0.0000
174.25000,-40.75000,0.0000,0.0000
174.40000,-40.75000,0.0000,0.0000
174.55000,-40.75000,0.0000,0.0000
174.70000,-40.75000,0.0000,0.0000
174.85000,-40.75000,-0.0002,-0.0091
175.00000,-40.75000,-0.0002,-0.0150
175.15000,-40.75000,0.0016,-0.0192
175.30000,-40.75000,0.0012,-0.0205
175.45000,-40.75000,0.0014,-0.0200
175.60000,-40.75000,0.0006,-0.0181
175.75000,-40.75000,-0.0003,-0.0160
175.90000,-40.75000,-0.0003,-0.0138
176.05000,-40.75000,0.0001,-0.0113
176.20000,-40.75000,0.0004,-0.0086
176.35000,-40.75000,0.0007,-0.0055
176.50000,-40.75000,0.0007,-0.0026
176.65000,-40.75000,0.0000,0.0000
176.80000,-40.75000,0.0000,0.0000
176.95000,-40.75000,0.0000,0.0000
177.10000,-40.75000,0.0000,0.0000
177.25000,-40.75000,0.0000,0.0000
177.40000,-40.75000,0.0000,0.0000
171.10000,-40.62500,0.0000,0.0000
171.25000,-40.62500,0.0000,0.0000
171.40000,-40.62500,0.0000,0.0000
171.55000,-40.62500,0.0000,0.0000
171.70000,-40.62500,0.0000,0.0000
171.85000,-40.62500,0.0000,0.0000
172.00000,-40.62500,0.0000,0.0000
172.15000,-40.62500,0.0000,0.0000
172.30000,-40.62500,-0.0008,-0.0002
172.45000,-40.62500,-0.0020,-0.0003
172.60000,-40.62500,-0.0035,-0.0005
172.75000,-40.62500,-0.0035,-0.0004
172.90000,-40.62500,0.0000,0.0000
173.05000,-40.62500,0.0000,0.0000
173.20000,-40.62500,0.0000,0.0000
173.35000,-40.62500,0.0000,0.0000
173.50000,-40.62500,0.0000,0.0000
173.65000,-40.62500,0.0000,0.0000
173.80000,-40.62500,0.0000,0.0000
173.95000,-40.62500,0.0000,0.0000
174.10000,-40.62500,0.0000,0.0000
174.25000,-40.62500,0.0000,0.0000
174.40000,-40.62500,0.0000,0.0000
174.55000,-40.62500,0.0000,0.0000
174.70000,-40.62500,0.0000,0.0000
174.85000,-40.62500,0.0000,0.0000
175.00000,-40.62500,0.0002,-0.0076
175.15000,-40.62500,0.0017,-0.0140
175.30000,-40.62500,0.0050,-0.0179
175.45000,-40.62500,0.0003,-0.0175
175.60000,-40.62500,-0.0006,-0.0166
175.75000,-40.62500,-0.0008,-0.0155
175.90000,-40.62500,-0.0003,-0.0139
176.05000,-40.62500,0.0005,-0.0119
176.20000,-40.62500,0.0010,-0.0096
176.35000,-40.62500,0.0014,-0.0069
176.50000,-40.62500,0.0014,-0.0038
176.65000,-40.62500,0.0000,0.0000
176.80000,-40.62500,0.0000,0.0000
176.95000,-40.62500,0.0000,0.0000
177.10000,-40.62500,0.0000,0.0000
177.25000,-40.62500,0.0000,0.0000
177.40000,-40.62500,0.0000,0.0000
171.10000,-40.50000,0.0000,0.0000
171.25000,-40.50000,0.0000,0.0000
171.40000,-40.50000,0.0000,0.0000
171.55000,-40.50000,0.0000,0.0000
171.70000,-40.50000,0.0000,0.0000
171.85000,-40.50000,0.0000,0.0000
172.00000,-40.50000,0.0000,0.0000
172.15000,-40.50000,0.0000,0.0000
172.30000,-40.50000,0.0000,0.0000
172.45000,-40.50000,-0.0010,0.0000
172.60000,-40.50000,-0.0017,-0.0002
172.75000,-40.50000,-0.0016,-0.0005
172.90000,-40.50000,0.0000,0.0000
173.05000,-40.50000,0.0000,0.0000
173.20000,-40.50000,0.0000,0.0000
173.35000,-40.50000,0.0000,0.0000
173.50000,-40.50000,0.0000,0.0000
173.65000,-40.50000,0.0000,0.0000
173.80000,-40.50000,0.0000,0.0000
173.95000,-40.50000,0.0000,0.0000
174.10000,-40.50000,0.0000,0.0000
174.25000,-40.50000,0.0000,0.0000
174.40000,-40.50000,0.0000,0.0000
174.55000,-40.50000,0.0000,0.0000
174.70000,-40.50000,0.0000,0.0000
174.85000,-40.50000,0.0000,0.0000
175.00000,-40.50000,0.0000,0.0000
175.15000,-40.50000,0.0009,-0.0087
175.30000,-40.50000,0.0015,-0.0135
175.45000,-40.50000,-0.0008,-0.0152
175.60000,-40.50000,-0.0014,-0.0158
175.75000,-40.50000,-0.0011,-0.0158
175.90000,-40.50000,-0.0003,-0.0147
176.05000,-40.50000,0.0012,-0.0125
176.20000,-40.50000,0.0019,-0.0105
176.35000,-40.50000,0.0023,-0.0083
176.50000,-40.50000,0.0025,-0.0056
176.65000,-40.50000,0.0022,-0.0029
176.80000,-40.50000,0.0000,0.0000
176.95000,-40.50000,0.0000,0.0000
177.10000,-40.50000,0.0000,0.0000
177.25000,-40.50000,0.0000,0.0000
177.40000,-40.50000,0.0000,0.0000
171.10000,-40.37500,0.0000,0.0000
171.25000,-40.37500,0.0000,0.0000
171.40000,-40.37500,0.0000,0.0000
171.55000,-40.37500,0.0000,0.0000
171.70000,-40.37500,0.0000,0.0000
171.85000,-40.37500,0.0000,0.0000
172.00000,-40.37500,0.0000,0.0000
172.15000,-40.37500,0.0000,0.0000
172.30000,-40.37500,0.0000,0.0000
172.45000,-40.37500,0.0000,0.0000
172.60000,-40.37500,0.0000,0.0000
172.75000,-40.37500,0.0000,0.0000
172.90000,-40.37500,0.0000,0.0000
173.05000,-40.37500,0.0000,0.0000
173.20000,-40.37500,0.0000,0.0000
173.35000,-40.37500,0.0000,0.0000
173.50000,-40.37500,0.0000,0.0000
173.65000,-40.37500,0.0000,0.0000
173.80000,-40.37500,0.0000,0.0000
173.95000,-40.37500,0.0000,0.0000
174.10000,-40.37500,0.0000,0.0000
174.25000,-40.37500,0.0000,0.0000
174.40000,-40.37500,0.0000,0.0000
174.55000,-40.37500,0.0000,0.0000
174.70000,-40.37500,0.0000,0.0000
174.85000,-40.37500,0.0000,0.0000
175.00000,-40.37500,0.0000,0.0000
175.15000,-40.37500,0.0006,-0.0062
175.30000,-40.37500,0.0000,-0.0111
175.45000,-40.37500,-0.0013,-0.0141
175.60000,-40.37500,-0.0021,-0.0163
175.75000,-40.37500,-0.0014,-0.0156
175.90000,-40.37500,-0.0001,-0.0142
176.05000,-40.37500,0.0025,-0.0127
176.20000,-40.37500,0.0034,-0.0114
176.35000,-40.37500,0.0037,-0.0097
176.50000,-40.37500,0.0042,-0.0076
176.65000,-40.37500,0.0046,-0.0055
176.80000,-40.37500,0.0035,-0.0032
176.95000,-40.37500,0.0000,0.0000
177.10000,-40.37500,0.0000,0.0000
177.25000,-40.37500,0.0000,0.0000
177.40000,-40.37500,0.0000,0.0000
171.10000,-40.25000,0.0000,0.0000
171.25000,-40.25000,0.0000,0.0000
171.40000,-40.25000,0.0000,0.0000
171.55000,-40.25000,0.0000,0.0000
171.70000,-40.25000,0.0000,0.0000
171.85000,-40.25000,0.0000,0.0000
172.00000,-40.25000,0.0000,0.0000
172.15000,-40.25000,0.0000,0.0000
172.30000,-40.25000,0.0000,0.0000
172.45000,-40.25000,0.0000,0.0000
172.60000,-40.25000,0.0000,0.0000
172.75000,-40.25000,0.0000,0.0000
172.90000,-40.25000,0.0000,0.0000
173.05000,-40.25000,0.0000,0.0000
173.20000,-40.25000,0.0000,0.0000
173.35000,-40.25000,0.0000,0.0000
173.50000,-40.25000,0.0000,0.0000
173.65000,-40.25000,0.0000,0.0000
173.80000,-40.25000,0.0000,0.0000
173.95000,-40.25000,0.0000,0.0000
174.10000,-40.25000,0.0000,0.0000
174.25000,-40.25000,0.0000,0.0000
174.40000,-40.25000,0.0000,0.0000
174.55000,-40.25000,0.0000,0.0000
174.70000,-40.25000,0.0000,0.0000
174.85000,-40.25000,0.0000,0.0000
175.00000,-40.25000,0.0000,0.0000
175.15000,-40.25000,0.0003,-0.0055
175.30000,-40.25000,-0.0005,-0.0100
175.45000,-40.25000,-0.0015,-0.0131
175.60000,-40.25000,-0.0022,-0.0151
175.75000,-40.25000,-0.0015,-0.0147
175.90000,-40.25000,0.0002,-0.0139
176.05000,-40.25000,0.0050,-0.0132
176.20000,-40.25000,0.0055,-0.0121
176.35000,-40.25000,0.0053,-0.0112
176.50000,-40.25000,0.0063,-0.0101
176.65000,-40.25000,0.0082,-0.0088
176.80000,-40.25000,0.0072,-0.0068
176.95000,-40.25000,0.0039,-0.0039
177.10000,-40.25000,0.0000,0.0000
177.25000,-40.25000,0.0000,0.0000
177.40000,-40.25000,0.0000,0.0000
171.10000,-40.12500,0.0000,0.0000
171.25000,-40.12500,0.0000,0.0000
171.40000,-40.12500,0.0000,0.0000
171.55000,-40.12500,0.0000,0.0000
171.70000,-40.12500,0.0000,0.0000
171.85000,-40.12500,0.0000,0.0000
172.00000,-40.12500,0.0000,0.0000
172.15000,-40.12500,0.0000,0.0000
172.30000,-40.12500,0.0000,0.0000
172.45000,-40.12500,0.0000,0.0000
172.60000,-40.12500,0.0000,0.0000
172.75000,-40.12500,0.0000,0.0000
172.90000,-40.12500,0.0000,0.0000
173.05000,-40.12500,0.0000,0.0000
173.20000,-40.12500,0.0000,0.0000
173.35000,-40.12500,0.0000,0.0000
173.50000,-40.12500,0.0000,0.0000
173.65000,-40.12500,0.0000,0.0000
173.80000,-40.12500,0.0000,0.0000
173.95000,-40.12500,0.0000,0.0000
174.10000,-40.12500,0.0000,0.0000
174.25000,-40.12500,0.0000,0.0000
174.40000,-40.12500,0.0000,0.0000
174.55000,-40.12500,0.0000,0.0000
174.70000,-40.12500,0.0000,0.0000
174.85000,-40.12500,0.0000,0.0000
175.00000,-40.12500,0.0001,-0.0024
175.15000,-40.12500,0.0002,-0.0058
175.30000,-40.12500,-0.0007,-0.0095
175.45000,-40.12500,-0.0016,-0.0121
175.60000,-40.12500,-0.0019,-0.0133
175.75000,-40.12500,-0.0014,-0.0136
175.90000,-40.12500,0.0005,-0.0134
176.05000,-40.12500,0.0043,-0.0128
176.20000,-40.12500,0.0059,-0.0128
176.35000,-40.12500,0.0073,-0.0133
176.50000,-40.12500,0.0082,-0.0140
176.65000,-40.12500,0.0130,-0.0138
176.80000,-40.12500,0.0118,-0.0114
176.95000,-40.12500,0.0068,-0.0068
177.10000,-40.12500,0.0000,0.0000
177.25000,-40.12500,0.0000,0.0000
177.40000,-40.12500,0.0000,0.0000
171.10000,-40.00000,0.0000,0.0000
171.25000,-40.00000,0.0000,0.0000
171.40000,-40.00000,0.0000,0.0000
171.55000,-40.00000,0.0000,0.0000
171.70000,-40.00000,0.0000,0.0000
171.85000,-40.00000,0.0000,0.0000
172.00000,-40.00000,0.0000,0.0000
172.15000,-40.00000,0.0000,0.0000
172.30000,-40.00000,0.0000,0.0000
172.45000,-40.00000,0.0000,0.0000
172.60000,-40.00000,0.0000,0.0000
172.75000,-40.00000,0.0000,0.0000
172.90000,-40.00000,0.0000,0.0000
173.05000,-40.00000,0.0000,0.0000
173.20000,-40.00000,0.0000,0.0000
173.35000,-40.00000,0.0000,0.0000
173.50000,-40.00000,0.0000,0.0000
173.65000,-40.00000,0.0000,0.0000
173.80000,-40.00000,0.0000,0.0000
173.95000,-40.00000,0.0000,0.0000
174.10000,-40.00000,0.0000,0.0000
174.25000,-40.00000,0.0000,0.0000
174.40000,-40.00000,0.0000,0.0000
174.55000,-40.00000,0.0000,0.0000
174.70000,-40.00000,0.0000,0.0000
174.85000,-40.00000,0.0000,0.0000
175.00000,-40.00000,0.0002,-0.0021
175.15000,-40.00000,-0.0000,-0.0050
175.30000,-40.00000,-0.0007,-0.0079
175.45000,-40.00000,-0.0014,-0.0100
175.60000,-40.00000,-0.0016,-0.0113
175.75000,-40.00000,-0.0011,-0.0122
175.90000,-40.00000,0.0004,-0.0127
176.05000,-40.00000,0.0028,-0.0128
176.20000,-40.00000,0.0048,-0.0133
176.35000,-40.00000,0.0072,-0.0146
176.50000,-40.00000,0.0043,-0.0187
176.65000,-40.00000,0.0067,-0.0167
176.80000,-40.00000,0.0114,-0.0144
176.95000,-40.00000,0.0070,-0.0085
177.10000,-40.00000,0.0000,0.0000
177.25000,-40.00000,0.0000,0.0000
177.40000,-40.00000,0.0000,0.0000
171.10000,-39.87500,0.0000,0.0000
171.25000,-39.87500,0.0000,0.0000
171.40000,-39.87500,0.0000,0.0000
171.55000,-39.87500,0.0000,0.0000
171.70000,-39.87500,0.0000,0.0000
171.85000,-39.87500,0.0000,0.0000
172.00000,-39.87500,0.0000,0.0000
172.15000,-39.87500,0.0000,0.0000
172.30000,-39.87500,0.0000,0.0000
172.45000,-39.87500,0.0000,0.0000
172.60000,-39.87500,0.0000,0.0000
172.75000,-39.87500,0.0000,0.0000
172.90000,-39.87500,0.0000,0.0000
173.05000,-39.87500,0.0000,0.0000
173.20000,-39.87500,0.0000,0.0000
173.35000,-39.87500,0.0000,0.0000
173.50000,-39.87500,0.0000,0.0000
173.65000,-39.87500,0.0000,0.0000
173.80000,-39.87500,0.0000,0.0000
173.95000,-39.87500,0.0000,0.0000
174.10000,-39.87500,0.0000,0.0000
174.25000,-39.87500,0.0000,0.0000
174.40000,-39.87500,0.0000,0.0000
174.55000,-39.87500,0.0000,0.0000
174.70000,-39.87500,0.0000,0.0000
174.85000,-39.87500,0.0000,0.0000
175.00000,-39.87500,0.0000,0.0000
175.15000,-39.87500,0.0001,-0.0026
175.30000,-39.87500,-0.0005,-0.0052
175.45000,-39.87500,-0.0010,-0.0074
175.60000,-39.87500,-0.0013,-0.0092
175.75000,-39.87500,-0.0009,-0.0106
175.90000,-39.87500,0.0002,-0.0114
176.05000,-39.87500,0.0019,-0.0118
176.20000,-39.87500,0.0036,-0.0123
176.35000,-39.87500,0.0046,-0.0125
176.50000,-39.87500,0.0034,-0.0119
176.65000,-39.87500,0.0039,-0.0113
176.80000,-39.87500,0.0027,-0.0101
176.95000,-39.87500,0.0010,-0.0058
177.10000,-39.87500,-0.0000,-0.0021
177.25000,-39.87500,0.0000,0.0000
177.40000,-39.87500,0.0000,0.0000
171.10000,-39.75000,0.0000,0.0000
171.25000,-39.75000,0.0000,0.0000
171.40000,-39.75000,0.0000,0.0000
171.55000,-39.75000,0.0000,0.0000
171.70000,-39.75000,0.0000,0.0000
171.85000,-39.75000,0.0000,0.0000
172.00000,-39.75000,0.0000,0.0000
172.15000,-39.75000,0.0000,0.0000
172.30000,-39.75000,0.0000,0.0000
172.45000,-39.75000,0.0000,0.0000
172.60000,-39.75000,0.0000,0.0000
172.75000,-39.75000,0.0000,0.0000
172.90000,-39.75000,0.0000,0.0000
173.05000,-39.75000,0.0000,0.0000
173.20000,-39.75000,0.0000,0.0000
173.35000,-39.75000,0.0000,0.0000
173.50000,-39.75000,0.0000,0.0000
173.65000,-39.75000,0.0000,0.0000
173.80000,-39.75000,0.0000,0.0000
173.95000,-39.75000,0.0000,0.0000
174.10000,-39.75000,0.0000,0.0000
174.25000,-39.75000,0.0000,0.0000
174.40000,-39.75000,0.0000,0.0000
174.55000,-39.75000,0.0000,0.0000
174.70000,-39.75000,0.0000,0.0000
174.85000,-39.75000,0.0000,0.0000
175.00000,-39.75000,0.0000,0.0000
175.15000,-39.75000,0.0000,0.0000
175.30000,-39.75000,-0.0001,-0.0025
175.45000,-39.75000,-0.0006,-0.0048
175.60000,-39.75000,-0.0008,-0.0068
175.75000,-39.75000,-0.0007,-0.0087
175.90000,-39.75000,0.0000,-0.0097
176.05000,-39.75000,0.0013,-0.0101
176.20000,-39.75000,0.0022,-0.0104
176.35000,-39.75000,0.0025,-0.0106
176.50000,-39.75000,0.0017,-0.0107
176.65000,-39.75000,0.0002,-0.0100
176.80000,-39.75000,-0.0065,-0.0062
176.95000,-39.75000,-0.0047,-0.0040
177.10000,-39.75000,0.0000,-0.0034
177.25000,-39.75000,0.0000,0.0000
177.40000,-39.75000,0.0000,0.0000
171.10000,-39.62500,0.0000,0.0000
171.25000,-39.62500,0.0000,0.0000
171.40000,-39.62500,0.0000,0.0000
171.55000,-39.62500,0.0000,0.0000
171.70000,-39.62500,0.0000,0.0000
171.85000,-39.62500,0.0000,0.0000
172.00000,-39.62500,0.0000,0.0000
172.15000,-39.62500,0.0000,0.0000
172.30000,-39.62500,0.0000,0.0000
172.45000,-39.62500,0.0000,0.0000
172.60000,-39.62500,0.0000,0.0000
172.75000,-39.62500,0.0000,0.0000
172.90000,-39.62500,0.0000,0.0000
173.05000,-39.62500,0.0000,0.0000
173.20000,-39.62500,0.0000,0.0000
173.35000,-39.62500,0.0000,0.0000
173.50000,-39.62500,0.0000,0.0000
173.65000,-39.62500,0.0000,0.0000
173.80000,-39.62500,0.0000,0.0000
173.95000,-39.62500,0.0000,0.0000
174.10000,-39.62500,0.0000,0.0000
174.25000,-39.62500,0.0000,0.0000
174.40000,-39.62500,0.0000,0.0000
174.55000,-39.62500,0.0000,0.0000
174.70000,-39.62500,0.0000,0.0000
174.85000,-39.62500,0.0000,0.0000
175.00000,-39.62500,0.0000,0.0000
175.15000,-39.62500,0.0000,0.0000
175.30000,-39.62500,0.0000,0.0000
175.45000,-39.62500,-0.0001,-0.0023
175.60000,-39.62500,-0.0003,-0.0043
175.75000,-39.62500,-0.0004,-0.0063
175.90000,-39.62500,-0.0000,-0.0073
176.05000,-39.62500,0.0008,-0.0078
176.20000,-39.62500,0.0012,-0.0082
176.35000,-39.62500,0.0011,-0.0088
176.50000,-39.62500,0.0004,-0.0094
176.65000,-39.62500,-0.0016,-0.0096
176.80000,-39.62500,-0.0142,-0.0059
176.95000,-39.62500,-0.0041,-0.0025
177.10000,-39.62500,0.0010,-0.0058
177.25000,-39.62500,0.0000,0.0000
177.40000,-39.62500,0.0000,0.0000
171.10000,-39.50000,0.0000,0.0000
171.25000,-39.50000,0.0000,0.0000
171.40000,-39.50000,0.0000,0.0000
171.55000,-39.50000,0.0000,0.0000
171.70000,-39.50000,0.0000,0.0000
171.85000,-39.50000,0.0000,0.0000
172.00000,-39.50000,0.0000,0.0000
172.15000,-39.50000,0.0000,0.0000
172.30000,-39.50000,0.0000,0.0000
172.45000,-39.50000,0.0000,0.0000
172.60000,-39.50000,0.0000,0.0000
172.75000,-39.50000,0.0000,0.0000
172.90000,-39.50000,0.0000,0.0000
173.05000,-39.50000,0.0000,0.0000
173.20000,-39.50000,0.0000,0.0000
173.35000,-39.50000,0.0000,0.0000
173.50000,-39.50000,0.0000,0.0000
173.65000,-39.50000,0.0000,0.0000
173.80000,-39.50000,0.0000,0.0000
173.95000,-39.50000,0.0000,0.0000
174.10000,-39.50000,0.0000,0.0000
174.25000,-39.50000,0.0000,0.0000
174.40000,-39.50000,0.0000,0.0000
174.55000,-39.50000,0.0000,0.0000
174.70000,-39.50000,0.0000,0.0000
174.85000,-39.50000,0.0000,0.0000
175.00000,-39.50000,0.0000,0.0000
175.15000,-39.50000,0.0000,0.0000
175.30000,-39.50000,0.0000,0.0000
175.45000,-39.50000,0.0000,0.0000
175.60000,-39.50000,0.0000,-0.0018
175.75000,-39.50000,-0.0001,-0.0031
175.90000,-39.50000,0.0001,-0.0042
176.05000,-39.50000,0.0005,-0.0047
176.20000,-39.50000,0.0005,-0.0052
176.35000,-39.50000,0.0003,-0.0064
176.50000,-39.50000,-0.0002,-0.0082
176.65000,-39.50000,-0.0015,-0.0103
176.80000,-39.50000,-0.0041,-0.0106
176.95000,-39.50000,0.0007,-0.0077
177.10000,-39.50000,0.0002,-0.0039
177.25000,-39.50000,0.0000,0.0000
177.40000,-39.50000,0.0000,0.0000
171.10000,-39.37500,0.0000,0.0000
171.25000,-39.37500,0.0000,0.0000
171.40000,-39.37500,0.0000,0.0000
171.55000,-39.37500,0.0000,0.0000
171.70000,-39.37500,0.0000,0.0000
171.85000,-39.37500,0.0000,0.0000
172.00000,-39.37500,0.0000,0.0000
172.15000,-39.37500,0.0000,0.0000
172.30000,-39.37500,0.0000,0.0000
172.45000,-39.37500,0.0000,0.0000
172.60000,-39.37500,0.0000,0.0000
172.75000,-39.37500,0.0000,0.0000
172.90000,-39.37500,0.0000,0.0000
173.05000,-39.37500,0.0000,0.0000
173.20000,-39.37500,0.0000,0.0000
173.35000,-39.37500,0.0000,0.0000
173.50000,-39.37500,0.0000,0.0000
173.65000,-39.37500,0.0000,0.0000
173.80000,-39.37500,0.0000,0.0000
173.95000,-39.37500,0.0000,0.0000
174.10000,-39.37500,0.0000,0.0000
174.25000,-39.37500,0.0000,0.0000
174.40000,-39.37500,0.0000,0.0000
174.55000,-39.37500,0.0000,0.0000
174.70000,-39.37500,0.0000,0.0000
174.85000,-39.37500,0.0000,0.0000
175.00000,-39.37500,0.0000,0.0000
175.15000,-39.37500,0.0000,0.0000
175.30000,-39.37500,0.0000,0.0000
175.45000,-39.37500,0.0000,0.0000
175.60000,-39.37500,0.0000,0.0000
175.75000,-39.37500,0.0000,0.0000
175.90000,-39.37500,0.0001,-0.0014
176.05000,-39.37500,0.0003,-0.0015
176.20000,-39.37500,0.0000,0.0000
176.35000,-39.37500,0.0002,-0.0037
176.50000,-39.37500,-0.0000,-0.0063
176.65000,-39.37500,-0.0005,-0.0089
176.80000,-39.37500,-0.0017,-0.0088
176.95000,-39.37500,-0.0006,-0.0065
177.10000,-39.37500,-0.0003,-0.0031
177.25000,-39.37500,0.0000,0.0000
177.40000,-39.37500,0.0000,0.0000
171.10000,-39.25000,0.0000,0.0000
171.25000,-39.25000,0.0000,0.0000
171.40000,-39.25000,0.0000,0.0000
171.55000,-39.25000,0.0000,0.0000
171.70000,-39.25000,0.0000,0.0000
171.85000,-39.25000,0.0000,0.0000
172.00000,-39.25000,0.0000,0.0000
172.15000,-39.25000,0.0000,0.0000
172.30000,-39.25000,0.0000,0.0000
172.45000,-39.25000,0.0000,0.0000
172.60000,-39.25000,0.0000,0.0000
172.75000,-39.25000,0.0000,0.0000
172.90000,-39.25000,0.0000,0.0000
173.05000,-39.25000,0.0000,0.0000
173.20000,-39.25000,0.0000,0.0000
173.35000,-39.25000,0.0000,0.0000
173.50000,-39.25000,0.0000,0.0000
173.65000,-39.25000,0.0000,0.0000
173.80000,-39.25000,0.0000,0.0000
173.95000,-39.25000,0.0000,0.0000
174.10000,-39.25000,0.0000,0.0000
174.25000,-39.25000,0.0000,0.0000
174.40000,-39.25000,0.0000,0.0000
174.55000,-39.25000,0.0000,0.0000
174.70000,-39.25000,0.0000,0.0000
174.85000,-39.25000,0.0000,0.0000
175.00000,-39.25000,0.0000,0.0000
175.15000,-39.25000,0.0000,0.0000
175.30000,-39.25000,0.0000,0.0000
175.45000,-39.25000,0.0000,0.0000
175.60000,-39.25000,0.0000,0.0000
175.75000,-39.25000,0.0000,0.0000
175.90000,-39.25000,0.0000,0.0000
176.05000,-39.25000,0.0000,0.0000
176.20000,-39.25000,0.0000,0.0000
176.35000,-39.25000,0.0004,-0.0022
176.50000,-39.25000,0.0002,-0.0041
176.65000,-39.25000,-0.0003,-0.0053
176.80000,-39.25000,-0.0010,-0.0055
176.95000,-39.25000,-0.0009,-0.0044
177.10000,-39.25000,-0.0006,-0.0022
177.25000,-39.25000,0.0000,0.0000
177.40000,-39.25000,0.0000,0.0000
171.10000,-39.12500,0.0000,0.0000
171.25000,-39.12500,0.0000,0.0000
171.40000,-39.12500,0.0000,0.0000
171.55000,-39.12500,0.0000,0.0000
171.70000,-39.12500,0.0000,0.0000
171.85000,-39.12500,0.0000,0.0000
172.00000,-39.12500,0.0000,0.0000
172.15000,-39.12500,0.0000,0.0000
172.30000,-39.12500,0.0000,0.0000
172.45000,-39.12500,0.0000,0.0000
172.60000,-39.12500,0.0000,0.0000
172.75000,-39.12500,0.0000,0.0000
172.90000,-39.12500,0.0000,0.0000
173.05000,-39.12500,0.0000,0.0000
173.20000,-39.12500,0.0000,0.0000
173.35000,-39.12500,0.0000,0.0000
173.50000,-39.12500,0.0000,0.0000
173.65000,-39.12500,0.0000,0.0000
173.80000,-39.12500,0.0000,0.0000
173.95000,-39.12500,0.0000,0.0000
174.10000,-39.12500,0.0000,0.0000
174.25000,-39.12500,0.0000,0.0000
174.40000,-39.12500,0.0000,0.0000
174.55000,-39.12500,0.0000,0.0000
174.70000,-39.12500,0.0000,0.0000
174.85000,-39.12500,0.0000,0.0000
175.00000,-39.12500,0.0000,0.0000
175.15000,-39.12500,0.0000,0.0000
175.30000,-39.12500,0.0000,0.0000
175.45000,-39.12500,0.0000,0.0000
175.60000,-39.12500,0.0000,0.0000
175.75000,-39.12500,0.0000,0.0000
175.90000,-39.12500,0.0000,0.0000
176.05000,-39.12500,0.0000,0.0000
176.20000,-39.12500,0.0000,0.0000
176.35000,-39.12500,0.0003,-0.0011
176.50000,-39.12500,0.0002,-0.0023
176.65000,-39.12500,-0.0002,-0.0031
176.80000,-39.12500,-0.0006,-0.0033
176.95000,-39.12500,-0.0007,-0.0026
177.10000,-39.12500,-0.0005,-0.0013
177.25000,-39.12500,0.0000,0.0000
177.40000,-39.12500,0.0000,0.0000
171.10000,-39.00000,0.0000,0.0000
171.25000,-39.00000,0.0000,0.0000
171.40000,-39.00000,0.0000,0.0000
171.55000,-39.00000,0.0000,0.0000
171.70000,-39.00000,0.0000,0.0000
171.85000,-39.00000,0.0000,0.0000
172.00000,-39.00000,0.0000,0.0000
172.15000,-39.00000,0.0000,0.0000
172.30000,-39.00000,0.0000,0.0000
172.45000,-39.00000,0.0000,0.0000
172.60000,-39.00000,0.0000,0.0000
172.75000,-39.00000,0.0000,0.0000
172.90000,-39.00000,0.0000,0.0000
173.05000,-39.00000,0.0000,0.0000
173.20000,-39.00000,0.0000,0.0000
173.35000,-39.00000,0.0000,0.0000
173.50000,-39.00000,0.0000,0.0000
173.65000,-39.00000,0.0000,0.0000
173.80000,-39.00000,0.0000,0.0000
173.95000,-39.00000,0.0000,0.0000
174.10000,-39.00000,0.0000,0.0000
174.25000,-39.00000,0.0000,0.0000
174.40000,-39.00000,0.0000,0.0000
174.55000,-39.00000,0.0000,0.0000
174.70000,-39.00000,0.0000,0.0000
174.85000,-39.00000,0.0000,0.0000
175.00000,-39.00000,0.0000,0.0000
175.15000,-39.00000,0.0000,0.0000
175.30000,-39.00000,0.0000,0.0000
175.45000,-39.00000,0.0000,0.0000
175.60000,-39.00000,0.0000,0.0000
175.75000,-39.00000,0.0000,0.0000
175.90000,-39.00000,0.0000,0.0000
176.05000,-39.00000,0.0000,0.0000
176.20000,-39.00000,0.0000,0.0000
176.35000,-39.00000,0.0000,0.0000
176.50000,-39.00000,0.0002,-0.0009
176.65000,-39.00000,-0.0001,-0.0013
176.80000,-39.00000,-0.0003,-0.0014
176.95000,-39.00000,-0.0004,-0.0010
177.10000,-39.00000,0.0000,0.0000
177.25000,-39.00000,0.0000,0.0000
177.40000,-39.00000,0.0000,0.0000
171.10000,-38.87500,0.0000,0.0000
171.25000,-38.87500,0.0000,0.0000
171.40000,-38.87500,0.0000,0.0000
171.55000,-38.87500,0.0000,0.0000
171.70000,-38.87500,0.0000,0.0000
171.85000,-38.87500,0.0000,0.0000
172.00000,-38.87500,0.0000,0.0000
172.15000,-38.87500,0.0000,0.0000
172.30000,-38.87500,0.0000,0.0000
172.45000,-38.87500,0.0000,0.0000
172.60000,-38.87500,0.0000,0.0000
172.75000,-38.87500,0.0000,0.0000
172.90000,-38.87500,0.0000,0.0000
173.05000,-38.87500,0.0000,0.0000
173.20000,-38.87500,0.0000,0.0000
173.35000,-38.87500,0.0000,0.0000
173.50000,-38.87500,0.0000,0.0000
173.65000,-38.87500,0.0000,0.0000
173.80000,-38.87500,0.0000,0.0000
173.95000,-38.87500,0.0000,0.0000
174.10000,-38.87500,0.0000,0.0000
174.25000,-38.87500,0.0000,0.0000
174.40000,-38.87500,0.0000,0.0000
174.55000,-38.87500,0.0000,0.0000
174.70000,-38.87500,0.0000,0.0000
174.85000,-38.87500,0.0000,0.0000
175.00000,-38.87500,0.0000,0.0000
175.15000,-38.87500,0.0000,0.0000
175.30000,-38.87500,0.0000,0.0000
175.45000,-38.87500,0.0000,0.0000
175.60000,-38.87500,0.0000,0.0000
175.75000,-38.87500,0.0000,0.0000
175.90000,-38.87500,0.0000,0.0000
176.05000,-38.87500,0.0000,0.0000
176.20000,-38.87500,0.0000,0.0000
176.35000,-38.87500,0.0000,0.0000
176.50000,-38.87500,0.0000,0.0000
176.65000,-38.87500,0.0000,0.0000
176.80000,-38.87500,0.0000,0.0000
176.95000,-38.87500,0.0000,0.0000
177.10000,-38.87500,0.0000,0.0000
177.25000,-38.87500,0.0000,0.0000
177.40000,-38.87500,0.0000,0.0000
171.10000,-38.75000,0.0000,0.0000
171.25000,-38.75000,0.0000,0.0000
171.40000,-38.75000,0.0000,0.0000
171.55000,-38.75000,0.0000,0.0000
171.70000,-38.75000,0.0000,0.0000
171.85000,-38.75000,0.0000,0.0000
172.00000,-38.75000,0.0000,0.0000
172.15000,-38.75000,0.0000,0.0000
172.30000,-38.75000,0.0000,0.0000
172.45000,-38.75000,0.0000,0.0000
172.60000,-38.75000,0.0000,0.0000
172.75000,-38.75000,0.0000,0.0000
172.90000,-38.75000,0.0000,0.0000
173.05000,-38.75000,0.0000,0.0000
173.20000,-38.75000,0.0000,0.0000
173.35000,-38.75000,0.0000,0.0000
173.50000,-38.75000,0.0000,0.0000
173.65000,-38.75000,0.0000,0.0000
173.80000,-38.75000,0.0000,0.0000
173.95000,-38.75000,0.0000,0.0000
174.10000,-38.75000,0.0000,0.0000
174.25000,-38.75000,0.0000,0.0000
174.40000,-38.75000,0.0000,0.0000
174.55000,-38.75000,0.0000,0.0000
174.70000,-38.75000,0.0000,0.0000
174.85000,-38.75000,0.0000,0.0000
175.00000,-38.75000,0.0000,0.0000
175.15000,-38.75000,0.0000,0.0000
175.30000,-38.75000,0.0000,0.0000
175.45000,-38.75000,0.0000,0.0000
175.60000,-38.75000,0.0000,0.0000
175.75000,-38.75000,0.0000,0.0000
175.90000,-38.75000,0.0000,0.0000
176.05000,-38.75000,0.0000,0.0000
176.20000,-38.75000,0.0000,0.0000
176.35000,-38.75000,0.0000,0.0000
176.50000,-38.75000,0.0000,0.0000
176.65000,-38.75000,0.0000,0.0000
176.80000,-38.75000,0.0000,0.0000
176.95000,-38.75000,0.0000,0.0000
177.10000,-38.75000,0.0000,0.0000
177.25000,-38.75000,0.0000,0.0000
177.40000,-38.75000,0.0000,0.0000
171.10000,-38.62500,0.0000,0.0000
171.25000,-38.62500,0.0000,0.0000
171.40000,-38.62500,0.0000,0.0000
171.55000,-38.62500,0.0000,0.0000
171.70000,-38.62500,0.0000,0.0000
171.85000,-38.62500,0.0000,0.0000
172.00000,-38.62500,0.0000,0.0000
172.15000,-38.62500,0.0000,0.0000
172.30000,-38.62500,0.0000,0.0000
172.45000,-38.62500,0.0000,0.0000
172.60000,-38.62500,0.0000,0.0000
172.75000,-38.62500,0.0000,0.0000
172.90000,-38.62500,0.0000,0.0000
173.05000,-38.62500,0.0000,0.0000
173.20000,-38.62500,0.0000,0.0000
173.35000,-38.62500,0.0000,0.0000
173.50000,-38.62500,0.0000,0.0000
173.65000,-38.62500,0.0000,0.0000
173.80000,-38.62500,0.0000,0.0000
173.95000,-38.62500,0.0000,0.0000
174.10000,-38.62500,0.0000,0.0000
174.25000,-38.62500,0.0000,0.0000
174.40000,-38.62500,0.0000,0.0000
174.55000,-38.62500,0.0000,0.0000
174.70000,-38.62500,0.0000,0.0000
174.85000,-38.62500,0.0000,0.0000
175.00000,-38.62500,0.0000,0.0000
175.15000,-38.62500,0.0000,0.0000
175.30000,-38.62500,0.0000,0.0000
175.45000,-38.62500,0.0000,0.0000
175.60000,-38.62500,0.0000,0.0000
175.75000,-38.62500,0.0000,0.0000
175.90000,-38.62500,0.0000,0.0000
176.05000,-38.62500,0.0000,0.0000
176.20000,-38.62500,0.0000,0.0000
176.35000,-38.62500,0.0000,0.0000
176.50000,-38.62500,0.0000,0.0000
176.65000,-38.62500,0.0000,0.0000
176.80000,-38.62500,0.0000,0.0000
176.95000,-38.62500,0.0000,0.0000
177.10000,-38.62500,0.0000,0.0000
177.25000,-38.62500,0.0000,0.0000
177.40000,-38.62500,0.0000,0.0000
