lon,lat,du
173.209375,-42.1171875,-0.13476
173.21875,-42.1171875,-0.14089
173.228125,-42.1171875,-0.14704
173.2375,-42.1171875,-0.1532
173.246875,-42.1171875,-0.15936
173.25625,-42.1171875,-0.16553
173.265625,-42.1171875,-0.17168
173.275,-42.1171875,-0.17779
173.284375,-42.1171875,-0.18386
173.29375,-42.1171875,-0.18987
173.303125,-42.1171875,-0.19581
173.3125,-42.1171875,-0.20166
173.321875,-42.1171875,-0.2074
173.33125,-42.1171875,-0.21303
173.340625,-42.1171875,-0.21852
173.35,-42.1171875,-0.22386
173.359375,-42.1171875,-0.22903
173.36875,-42.1171875,-0.23403
173.378125,-42.1171875,-0.23883
173.3875,-42.1171875,-0.24343
173.396875,-42.1171875,-0.24782
173.40625,-42.1171875,-0.25199
173.415625,-42.1171875,-0.25594
173.425,-42.1171875,-0.25966
173.434375,-42.1171875,-0.26315
173.44375,-42.1171875,-0.2664
173.453125,-42.1171875,-0.2694
173.4625,-42.1171875,-0.2721
173.471875,-42.1171875,-0.27437
173.48125,-42.1171875,-0.276
173.490625,-42.1171875,-0.27657
173.5,-42.1171875,-0.27535
173.509375,-42.1171875,-0.27125
173.51875,-42.1171875,-0.26289
173.528125,-42.1171875,-0.24893
173.5375,-42.1171875,-0.22852
173.546875,-42.1171875,-0.20145
173.55625,-42.1171875,-0.16817
173.565625,-42.1171875,-0.12957
173.575,-42.1171875,-0.08681
173.584375,-42.1171875,-0.04098
173.59375,-42.1171875,0.00728
173.603125,-42.1171875,0.05762
173.6125,-42.1171875,0.11027
173.209375,-42.109375,-0.13297
173.21875,-42.109375,-0.13919
173.228125,-42.109375,-0.14542
173.2375,-42.109375,-0.15165
173.246875,-42.109375,-0.15791
173.25625,-42.109375,-0.16418
173.265625,-42.109375,-0.17047
173.275,-42.109375,-0.17675
173.284375,-42.109375,-0.18299
173.29375,-42.109375,-0.18919
173.303125,-42.109375,-0.19536
173.3125,-42.109375,-0.20146
173.321875,-42.109375,-0.2075
173.33125,-42.109375,-0.21345
173.340625,-42.109375,-0.21932
173.35,-42.109375,-0.22508
173.359375,-42.109375,-0.23073
173.36875,-42.109375,-0.23627
173.378125,-42.109375,-0.24168
173.3875,-42.109375,-0.24697
173.396875,-42.109375,-0.25215
173.40625,-42.109375,-0.2572
173.415625,-42.109375,-0.26214
173.425,-42.109375,-0.26697
173.434375,-42.109375,-0.2717
173.44375,-42.109375,-0.27631
173.453125,-42.109375,-0.28076
173.4625,-42.109375,-0.28497
173.471875,-42.109375,-0.28878
173.48125,-42.109375,-0.2919
173.490625,-42.109375,-0.29382
173.5,-42.109375,-0.2938
173.509375,-42.109375,-0.29083
173.51875,-42.109375,-0.28374
173.528125,-42.109375,-0.27141
173.5375,-42.109375,-0.25308
173.546875,-42.109375,-0.22844
173.55625,-42.109375,-0.19769
173.565625,-42.109375,-0.16136
173.575,-42.109375,-0.12019
173.584375,-42.109375,-0.0749
173.59375,-42.109375,-0.02597
173.603125,-42.109375,0.02643
173.6125,-42.109375,0.08266
173.209375,-42.1015625,-0.13117
173.21875,-42.1015625,-0.13732
173.228125,-42.1015625,-0.14363
173.2375,-42.1015625,-0.14988
173.246875,-42.1015625,-0.15619
173.25625,-42.1015625,-0.16255
173.265625,-42.1015625,-0.16894
173.275,-42.1015625,-0.17535
173.284375,-42.1015625,-0.18176
173.29375,-42.1015625,-0.18813
173.303125,-42.1015625,-0.19449
173.3125,-42.1015625,-0.20082
173.321875,-42.1015625,-0.2071
173.33125,-42.1015625,-0.21335
173.340625,-42.1015625,-0.21954
173.35,-42.1015625,-0.22567
173.359375,-42.1015625,-0.23175
173.36875,-42.1015625,-0.23776
173.378125,-42.1015625,-0.24371
173.3875,-42.1015625,-0.24961
173.396875,-42.1015625,-0.25546
173.40625,-42.1015625,-0.26127
173.415625,-42.1015625,-0.26705
173.425,-42.1015625,-0.27279
173.434375,-42.1015625,-0.2785
173.44375,-42.1015625,-0.28414
173.453125,-42.1015625,-0.28965
173.4625,-42.1015625,-0.2949
173.471875,-42.1015625,-0.29969
173.48125,-42.1015625,-0.30365
173.490625,-42.1015625,-0.30626
173.5,-42.1015625,-0.3068
173.509375,-42.1015625,-0.30435
173.51875,-42.1015625,-0.29792
173.528125,-42.1015625,-0.28657
173.5375,-42.1015625,-0.26962
173.546875,-42.1015625,-0.24672
173.55625,-42.1015625,-0.21786
173.565625,-42.1015625,-0.18333
173.575,-42.1015625,-0.14355
173.584375,-42.1015625,-0.09896
173.59375,-42.1015625,-0.04986
173.603125,-42.1015625,0.00368
173.6125,-42.1015625,0.06195
173.209375,-42.09375,-0.12937
173.21875,-42.09375,-0.13557
173.228125,-42.09375,-0.14177
173.2375,-42.09375,-0.14788
173.246875,-42.09375,-0.15421
173.25625,-42.09375,-0.16064
173.265625,-42.09375,-0.16712
173.275,-42.09375,-0.17363
173.284375,-42.09375,-0.18016
173.29375,-42.09375,-0.1867
173.303125,-42.09375,-0.19321
173.3125,-42.09375,-0.19973
173.321875,-42.09375,-0.20623
173.33125,-42.09375,-0.21272
173.340625,-42.09375,-0.21919
173.35,-42.09375,-0.22564
173.359375,-42.09375,-0.23207
173.36875,-42.09375,-0.23849
173.378125,-42.09375,-0.24489
173.3875,-42.09375,-0.2513
173.396875,-42.09375,-0.2577
173.40625,-42.09375,-0.26412
173.415625,-42.09375,-0.27054
173.425,-42.09375,-0.27698
173.434375,-42.09375,-0.2834
173.44375,-42.09375,-0.28975
173.453125,-42.09375,-0.29594
173.4625,-42.09375,-0.3018
173.471875,-42.09375,-0.30708
173.48125,-42.09375,-0.3114
173.490625,-42.09375,-0.31422
173.5,-42.09375,-0.31487
173.509375,-42.09375,-0.31254
173.51875,-42.09375,-0.30637
173.528125,-42.09375,-0.29558
173.5375,-42.09375,-0.27955
173.546875,-42.09375,-0.2579
173.55625,-42.09375,-0.23051
173.565625,-42.09375,-0.19747
173.575,-42.09375,-0.15901
173.584375,-42.09375,-0.11534
173.59375,-42.09375,-0.06665
173.603125,-42.09375,-0.01291
173.6125,-42.09375,0.0461
173.209375,-42.0859375,-0.12694
173.21875,-42.0859375,-0.13312
173.228125,-42.0859375,-0.13931
173.2375,-42.0859375,-0.14549
173.246875,-42.0859375,-0.15196
173.25625,-42.0859375,-0.15848
173.265625,-42.0859375,-0.16504
173.275,-42.0859375,-0.17163
173.284375,-42.0859375,-0.17824
173.29375,-42.0859375,-0.18488
173.303125,-42.0859375,-0.19155
173.3125,-42.0859375,-0.19822
173.321875,-42.0859375,-0.20489
173.33125,-42.0859375,-0.21158
173.340625,-42.0859375,-0.21828
173.35,-42.0859375,-0.22499
173.359375,-42.0859375,-0.23171
173.36875,-42.0859375,-0.23845
173.378125,-42.0859375,-0.24521
173.3875,-42.0859375,-0.252
173.396875,-42.0859375,-0.25883
173.40625,-42.0859375,-0.26569
173.415625,-42.0859375,-0.27258
173.425,-42.0859375,-0.27949
173.434375,-42.0859375,-0.28636
173.44375,-42.0859375,-0.29313
173.453125,-42.0859375,-0.29966
173.4625,-42.0859375,-0.30577
173.471875,-42.0859375,-0.31118
173.48125,-42.0859375,-0.31549
173.490625,-42.0859375,-0.3182
173.5,-42.0859375,-0.31867
173.509375,-42.0859375,-0.3162
173.51875,-42.0859375,-0.31005
173.528125,-42.0859375,-0.29955
173.5375,-42.0859375,-0.28415
173.546875,-42.0859375,-0.26345
173.55625,-42.0859375,-0.23728
173.565625,-42.0859375,-0.20559
173.575,-42.0859375,-0.16845
173.584375,-42.0859375,-0.12597
173.59375,-42.0859375,-0.0782
173.603125,-42.0859375,-0.02508
173.6125,-42.0859375,0.03358
173.209375,-42.078125,-0.1245
173.21875,-42.078125,-0.13067
173.228125,-42.078125,-0.13685
173.2375,-42.078125,-0.14302
173.246875,-42.078125,-0.14949
173.25625,-42.078125,-0.15609
173.265625,-42.078125,-0.16271
173.275,-42.078125,-0.16934
173.284375,-42.078125,-0.17601
173.29375,-42.078125,-0.18273
173.303125,-42.078125,-0.18949
173.3125,-42.078125,-0.19629
173.321875,-42.078125,-0.2031
173.33125,-42.078125,-0.20994
173.340625,-42.078125,-0.21681
173.35,-42.078125,-0.22372
173.359375,-42.078125,-0.23066
173.36875,-42.078125,-0.23764
173.378125,-42.078125,-0.24466
173.3875,-42.078125,-0.25173
173.396875,-42.078125,-0.25885
173.40625,-42.078125,-0.266
173.415625,-42.078125,-0.27318
173.425,-42.078125,-0.28035
173.434375,-42.078125,-0.28744
173.44375,-42.078125,-0.29437
173.453125,-42.078125,-0.30098
173.4625,-42.078125,-0.30706
173.471875,-42.078125,-0.31232
173.48125,-42.078125,-0.31638
173.490625,-42.078125,-0.31875
173.5,-42.078125,-0.31887
173.509375,-42.078125,-0.31612
173.51875,-42.078125,-0.30986
173.528125,-42.078125,-0.29951
173.5375,-42.078125,-0.28457
173.546875,-42.078125,-0.26466
173.55625,-42.078125,-0.23956
173.565625,-42.078125,-0.20916
173.575,-42.078125,-0.17343
173.584375,-42.078125,-0.13236
173.59375,-42.078125,-0.08596
173.603125,-42.078125,-0.03413
173.6125,-42.078125,0.02332
173.209375,-42.0703125,-0.12207
173.21875,-42.0703125,-0.12823
173.228125,-42.0703125,-0.13438
173.2375,-42.0703125,-0.14054
173.246875,-42.0703125,-0.14703
173.25625,-42.0703125,-0.15352
173.265625,-42.0703125,-0.1602
173.275,-42.0703125,-0.16681
173.284375,-42.0703125,-0.1735
173.29375,-42.0703125,-0.18026
173.303125,-42.0703125,-0.18708
173.3125,-42.0703125,-0.19396
173.321875,-42.0703125,-0.20088
173.33125,-42.0703125,-0.20783
173.340625,-42.0703125,-0.21482
173.35,-42.0703125,-0.22185
173.359375,-42.0703125,-0.22894
173.36875,-42.0703125,-0.23608
173.378125,-42.0703125,-0.24327
173.3875,-42.0703125,-0.2505
173.396875,-42.0703125,-0.25778
173.40625,-42.0703125,-0.26509
173.415625,-42.0703125,-0.27239
173.425,-42.0703125,-0.27964
173.434375,-42.0703125,-0.28676
173.44375,-42.0703125,-0.29364
173.453125,-42.0703125,-0.30012
173.4625,-42.0703125,-0.30597
173.471875,-42.0703125,-0.3109
173.48125,-42.0703125,-0.31454
173.490625,-42.0703125,-0.31646
173.5,-42.0703125,-0.31614
173.509375,-42.0703125,-0.31304
173.51875,-42.0703125,-0.30661
173.528125,-42.0703125,-0.29634
173.5375,-42.0703125,-0.28178
173.546875,-42.0703125,-0.26259
173.55625,-42.0703125,-0.2385
173.565625,-42.0703125,-0.20938
173.575,-42.0703125,-0.17513
173.584375,-42.0703125,-0.13569
173.59375,-42.0703125,-0.09101
173.603125,-42.0703125,-0.04097
173.6125,-42.0703125,0.01459
173.209375,-42.0625,-0.11964
173.21875,-42.0625,-0.12578
173.228125,-42.0625,-0.13192
173.2375,-42.0625,-0.13807
173.246875,-42.0625,-0.14458
173.25625,-42.0625,-0.15109
173.265625,-42.0625,-0.1576
173.275,-42.0625,-0.16402
173.284375,-42.0625,-0.17069
173.29375,-42.0625,-0.17747
173.303125,-42.0625,-0.18433
173.3125,-42.0625,-0.19125
173.321875,-42.0625,-0.19823
173.33125,-42.0625,-0.20525
173.340625,-42.0625,-0.21231
173.35,-42.0625,-0.21942
173.359375,-42.0625,-0.22659
173.36875,-42.0625,-0.2338
173.378125,-42.0625,-0.24107
173.3875,-42.0625,-0.24837
173.396875,-42.0625,-0.2557
173.40625,-42.0625,-0.26303
173.415625,-42.0625,-0.27032
173.425,-42.0625,-0.2775
173.434375,-42.0625,-0.2845
173.44375,-42.0625,-0.29118
173.453125,-42.0625,-0.29736
173.4625,-42.0625,-0.30284
173.471875,-42.0625,-0.30732
173.48125,-42.0625,-0.31046
173.490625,-42.0625,-0.31186
173.5,-42.0625,-0.31107
173.509375,-42.0625,-0.30761
173.51875,-42.0625,-0.301
173.528125,-42.0625,-0.2908
173.5375,-42.0625,-0.2766
173.546875,-42.0625,-0.25809
173.55625,-42.0625,-0.235
173.565625,-42.0625,-0.20718
173.575,-42.0625,-0.17449
173.584375,-42.0625,-0.13683
173.59375,-42.0625,-0.09413
173.603125,-42.0625,-0.04626
173.6125,-42.0625,0.00694
173.209375,-42.0546875,-0.11676
173.21875,-42.0546875,-0.12284
173.228125,-42.0546875,-0.12892
173.2375,-42.0546875,-0.135
173.246875,-42.0546875,-0.14146
173.25625,-42.0546875,-0.14791
173.265625,-42.0546875,-0.15437
173.275,-42.0546875,-0.16083
173.284375,-42.0546875,-0.16758
173.29375,-42.0546875,-0.1744
173.303125,-42.0546875,-0.18128
173.3125,-42.0546875,-0.18821
173.321875,-42.0546875,-0.1952
173.33125,-42.0546875,-0.20224
173.340625,-42.0546875,-0.20933
173.35,-42.0546875,-0.21646
173.359375,-42.0546875,-0.22364
173.36875,-42.0546875,-0.23086
173.378125,-42.0546875,-0.23812
173.3875,-42.0546875,-0.2454
173.396875,-42.0546875,-0.25268
173.40625,-42.0546875,-0.25993
173.415625,-42.0546875,-0.26709
173.425,-42.0546875,-0.27409
173.434375,-42.0546875,-0.28084
173.44375,-42.0546875,-0.2872
173.453125,-42.0546875,-0.293
173.4625,-42.0546875,-0.29802
173.471875,-42.0546875,-0.30198
173.48125,-42.0546875,-0.30458
173.490625,-42.0546875,-0.30545
173.5,-42.0546875,-0.30419
173.509375,-42.0546875,-0.30039
173.51875,-42.0546875,-0.29363
173.528125,-42.0546875,-0.28351
173.5375,-42.0546875,-0.26968
173.546875,-42.0546875,-0.25185
173.55625,-42.0546875,-0.22977
173.565625,-42.0546875,-0.20326
173.575,-42.0546875,-0.17218
173.584375,-42.0546875,-0.13642
173.59375,-42.0546875,-0.09586
173.603125,-42.0546875,-0.0504
173.6125,-42.0546875,0.00013
173.209375,-42.046875,-0.11389
173.21875,-42.046875,-0.1199
173.228125,-42.046875,-0.12591
173.2375,-42.046875,-0.13193
173.246875,-42.046875,-0.13833
173.25625,-42.046875,-0.14474
173.265625,-42.046875,-0.15114
173.275,-42.046875,-0.15754
173.284375,-42.046875,-0.16425
173.29375,-42.046875,-0.17109
173.303125,-42.046875,-0.17795
173.3125,-42.046875,-0.18486
173.321875,-42.046875,-0.19182
173.33125,-42.046875,-0.19883
173.340625,-42.046875,-0.20591
173.35,-42.046875,-0.213
173.359375,-42.046875,-0.22014
173.36875,-42.046875,-0.22731
173.378125,-42.046875,-0.23449
173.3875,-42.046875,-0.24168
173.396875,-42.046875,-0.24883
173.40625,-42.046875,-0.25591
173.415625,-42.046875,-0.26285
173.425,-42.046875,-0.26958
173.434375,-42.046875,-0.276
173.44375,-42.046875,-0.28197
173.453125,-42.046875,-0.28731
173.4625,-42.046875,-0.29182
173.471875,-42.046875,-0.29525
173.48125,-42.046875,-0.29731
173.490625,-42.046875,-0.29767
173.5,-42.046875,-0.29597
173.509375,-42.046875,-0.29187
173.51875,-42.046875,-0.28499
173.528125,-42.046875,-0.27499
173.5375,-42.046875,-0.26155
173.546875,-42.046875,-0.24442
173.55625,-42.046875,-0.22335
173.565625,-42.046875,-0.19817
173.575,-42.046875,-0.16873
173.584375,-42.046875,-0.1349
173.59375,-42.046875,-0.09659
173.603125,-42.046875,-0.05366
173.6125,-42.046875,-0.00598
173.209375,-42.0390625,-0.11101
173.21875,-42.0390625,-0.11696
173.228125,-42.0390625,-0.12291
173.2375,-42.0390625,-0.12886
173.246875,-42.0390625,-0.13521
173.25625,-42.0390625,-0.14156
173.265625,-42.0390625,-0.14791
173.275,-42.0390625,-0.15426
173.284375,-42.0390625,-0.16092
173.29375,-42.0390625,-0.16759
173.303125,-42.0390625,-0.1744
173.3125,-42.0390625,-0.18123
173.321875,-42.0390625,-0.18812
173.33125,-42.0390625,-0.19507
173.340625,-42.0390625,-0.20207
173.35,-42.0390625,-0.20911
173.359375,-42.0390625,-0.21615
173.36875,-42.0390625,-0.22321
173.378125,-42.0390625,-0.23027
173.3875,-42.0390625,-0.23729
173.396875,-42.0390625,-0.24425
173.40625,-42.0390625,-0.25109
173.415625,-42.0390625,-0.25775
173.425,-42.0390625,-0.26415
173.434375,-42.0390625,-0.27019
173.44375,-42.0390625,-0.27571
173.453125,-42.0390625,-0.28057
173.4625,-42.0390625,-0.28456
173.471875,-42.0390625,-0.28746
173.48125,-42.0390625,-0.28899
173.490625,-42.0390625,-0.28887
173.5,-42.0390625,-0.28679
173.509375,-42.0390625,-0.28244
173.51875,-42.0390625,-0.27549
173.528125,-42.0390625,-0.26564
173.5375,-42.0390625,-0.25263
173.546875,-42.0390625,-0.23619
173.55625,-42.0390625,-0.21614
173.565625,-42.0390625,-0.19228
173.575,-42.0390625,-0.16448
173.584375,-42.0390625,-0.1326
173.59375,-42.0390625,-0.09654
173.603125,-42.0390625,-0.05618
173.6125,-42.0390625,-0.0114
173.209375,-42.03125,-0.10814
173.21875,-42.03125,-0.11402
173.228125,-42.03125,-0.11991
173.2375,-42.03125,-0.12579
173.246875,-42.03125,-0.13208
173.25625,-42.03125,-0.13838
173.265625,-42.03125,-0.14467
173.275,-42.03125,-0.15097
173.284375,-42.03125,-0.15759
173.29375,-42.03125,-0.16421
173.303125,-42.03125,-0.17068
173.3125,-42.03125,-0.17735
173.321875,-42.03125,-0.18413
173.33125,-42.03125,-0.19099
173.340625,-42.03125,-0.19788
173.35,-42.03125,-0.2048
173.359375,-42.03125,-0.21174
173.36875,-42.03125,-0.21864
173.378125,-42.03125,-0.22551
173.3875,-42.03125,-0.23233
173.396875,-42.03125,-0.23904
173.40625,-42.03125,-0.2456
173.415625,-42.03125,-0.25194
173.425,-42.03125,-0.25797
173.434375,-42.03125,-0.26359
173.44375,-42.03125,-0.26866
173.453125,-42.03125,-0.27302
173.4625,-42.03125,-0.2765
173.471875,-42.03125,-0.27888
173.48125,-42.03125,-0.27993
173.490625,-42.03125,-0.27938
173.5,-42.03125,-0.27697
173.509375,-42.03125,-0.27241
173.51875,-42.03125,-0.26544
173.528125,-42.03125,-0.25579
173.5375,-42.03125,-0.24321
173.546875,-42.03125,-0.22749
173.55625,-42.03125,-0.20844
173.565625,-42.03125,-0.18588
173.575,-42.03125,-0.15969
173.584375,-42.03125,-0.12973
173.59375,-42.03125,-0.09589
173.603125,-42.03125,-0.05806
173.6125,-42.03125,-0.01612
173.209375,-42.0234375,-0.10503
173.21875,-42.0234375,-0.11081
173.228125,-42.0234375,-0.11659
173.2375,-42.0234375,-0.12238
173.246875,-42.0234375,-0.12856
173.25625,-42.0234375,-0.13475
173.265625,-42.0234375,-0.14094
173.275,-42.0234375,-0.14712
173.284375,-42.0234375,-0.15362
173.29375,-42.0234375,-0.16012
173.303125,-42.0234375,-0.16662
173.3125,-42.0234375,-0.17319
173.321875,-42.0234375,-0.17988
173.33125,-42.0234375,-0.18663
173.340625,-42.0234375,-0.19339
173.35,-42.0234375,-0.20017
173.359375,-42.0234375,-0.20693
173.36875,-42.0234375,-0.21367
173.378125,-42.0234375,-0.22033
173.3875,-42.0234375,-0.2269
173.396875,-42.0234375,-0.23333
173.40625,-42.0234375,-0.23958
173.415625,-42.0234375,-0.24557
173.425,-42.0234375,-0.2512
173.434375,-42.0234375,-0.25639
173.44375,-42.0234375,-0.261
173.453125,-42.0234375,-0.26488
173.4625,-42.0234375,-0.26787
173.471875,-42.0234375,-0.26977
173.48125,-42.0234375,-0.27037
173.490625,-42.0234375,-0.26945
173.5,-42.0234375,-0.26676
173.509375,-42.0234375,-0.26206
173.51875,-42.0234375,-0.25511
173.528125,-42.0234375,-0.24568
173.5375,-42.0234375,-0.23356
173.546875,-42.0234375,-0.21855
173.55625,-42.0234375,-0.20047
173.565625,-42.0234375,-0.17918
173.575,-42.0234375,-0.15453
173.584375,-42.0234375,-0.12642
173.59375,-42.0234375,-0.09472
173.603125,-42.0234375,-0.05933
173.6125,-42.0234375,-0.02013
173.209375,-42.015625,-0.10191
173.21875,-42.015625,-0.1076
173.228125,-42.015625,-0.11328
173.2375,-42.015625,-0.11896
173.246875,-42.015625,-0.12504
173.25625,-42.015625,-0.13112
173.265625,-42.015625,-0.1372
173.275,-42.015625,-0.14328
173.284375,-42.015625,-0.14965
173.29375,-42.015625,-0.15603
173.303125,-42.015625,-0.1624
173.3125,-42.015625,-0.16878
173.321875,-42.015625,-0.17541
173.33125,-42.015625,-0.18204
173.340625,-42.015625,-0.18866
173.35,-42.015625,-0.19526
173.359375,-42.015625,-0.20183
173.36875,-42.015625,-0.20836
173.378125,-42.015625,-0.21478
173.3875,-42.015625,-0.22108
173.396875,-42.015625,-0.22722
173.40625,-42.015625,-0.23314
173.415625,-42.015625,-0.23876
173.425,-42.015625,-0.244
173.434375,-42.015625,-0.24876
173.44375,-42.015625,-0.25292
173.453125,-42.015625,-0.25634
173.4625,-42.015625,-0.25887
173.471875,-42.015625,-0.26033
173.48125,-42.015625,-0.26054
173.490625,-42.015625,-0.25929
173.5,-42.015625,-0.25637
173.509375,-42.015625,-0.25157
173.51875,-42.015625,-0.24468
173.528125,-42.015625,-0.23551
173.5375,-42.015625,-0.22385
173.546875,-42.015625,-0.20953
173.55625,-42.015625,-0.1924
173.565625,-42.015625,-0.17231
173.575,-42.015625,-0.14914
173.584375,-42.015625,-0.12278
173.59375,-42.015625,-0.0931
173.603125,-42.015625,-0.06001
173.6125,-42.015625,-0.0234
173.209375,-42.0078125,-0.0988
173.21875,-42.0078125,-0.10438
173.228125,-42.0078125,-0.10996
173.2375,-42.0078125,-0.11555
173.246875,-42.0078125,-0.12152
173.25625,-42.0078125,-0.12749
173.265625,-42.0078125,-0.13346
173.275,-42.0078125,-0.13943
173.284375,-42.0078125,-0.14568
173.29375,-42.0078125,-0.15193
173.303125,-42.0078125,-0.15819
173.3125,-42.0078125,-0.16444
173.321875,-42.0078125,-0.1708
173.33125,-42.0078125,-0.17731
173.340625,-42.0078125,-0.18374
173.35,-42.0078125,-0.19014
173.359375,-42.0078125,-0.19649
173.36875,-42.0078125,-0.20278
173.378125,-42.0078125,-0.20896
173.3875,-42.0078125,-0.21498
173.396875,-42.0078125,-0.22081
173.40625,-42.0078125,-0.22638
173.415625,-42.0078125,-0.23164
173.425,-42.0078125,-0.23648
173.434375,-42.0078125,-0.24083
173.44375,-42.0078125,-0.24456
173.453125,-42.0078125,-0.24755
173.4625,-42.0078125,-0.24966
173.471875,-42.0078125,-0.25073
173.48125,-42.0078125,-0.25059
173.490625,-42.0078125,-0.24906
173.5,-42.0078125,-0.24596
173.509375,-42.0078125,-0.24111
173.51875,-42.0078125,-0.23431
173.528125,-42.0078125,-0.2254
173.5375,-42.0078125,-0.2142
173.546875,-42.0078125,-0.20056
173.55625,-42.0078125,-0.18433
173.565625,-42.0078125,-0.16539
173.575,-42.0078125,-0.14361
173.584375,-42.0078125,-0.11888
173.59375,-42.0078125,-0.09109
173.603125,-42.0078125,-0.06015
173.6125,-42.0078125,-0.02593
173.209375,-42,-0.09569
173.21875,-42,-0.10117
173.228125,-42,-0.10665
173.2375,-42,-0.11213
173.246875,-42,-0.11799
173.25625,-42,-0.12386
173.265625,-42,-0.12972
173.275,-42,-0.13559
173.284375,-42,-0.14171
173.29375,-42,-0.14784
173.303125,-42,-0.15397
173.3125,-42,-0.1601
173.321875,-42,-0.1663
173.33125,-42,-0.1725
173.340625,-42,-0.17867
173.35,-42,-0.18484
173.359375,-42,-0.19096
173.36875,-42,-0.197
173.378125,-42,-0.20292
173.3875,-42,-0.20867
173.396875,-42,-0.21418
173.40625,-42,-0.21942
173.415625,-42,-0.22431
173.425,-42,-0.22878
173.434375,-42,-0.23273
173.44375,-42,-0.23607
173.453125,-42,-0.23866
173.4625,-42,-0.24038
173.471875,-42,-0.2411
173.48125,-42,-0.24066
173.490625,-42,-0.23891
173.5,-42,-0.23567
173.509375,-42,-0.23079
173.51875,-42,-0.22412
173.528125,-42,-0.21548
173.5375,-42,-0.20473
173.546875,-42,-0.19173
173.55625,-42,-0.17635
173.565625,-42,-0.15848
173.575,-42,-0.13798
173.584375,-42,-0.11477
173.59375,-42,-0.08873
173.603125,-42,-0.05976
173.6125,-42,-0.02775
173.209375,-41.9921875,-0.09252
173.21875,-41.9921875,-0.09788
173.228125,-41.9921875,-0.10325
173.2375,-41.9921875,-0.10861
173.246875,-41.9921875,-0.11434
173.25625,-41.9921875,-0.12007
173.265625,-41.9921875,-0.1258
173.275,-41.9921875,-0.13153
173.284375,-41.9921875,-0.1375
173.29375,-41.9921875,-0.14347
173.303125,-41.9921875,-0.14943
173.3125,-41.9921875,-0.1554
173.321875,-41.9921875,-0.16141
173.33125,-41.9921875,-0.16741
173.340625,-41.9921875,-0.17344
173.35,-41.9921875,-0.17941
173.359375,-41.9921875,-0.1853
173.36875,-41.9921875,-0.19109
173.378125,-41.9921875,-0.19674
173.3875,-41.9921875,-0.2022
173.396875,-41.9921875,-0.20742
173.40625,-41.9921875,-0.21233
173.415625,-41.9921875,-0.21688
173.425,-41.9921875,-0.22099
173.434375,-41.9921875,-0.22457
173.44375,-41.9921875,-0.22753
173.453125,-41.9921875,-0.22977
173.4625,-41.9921875,-0.23115
173.471875,-41.9921875,-0.23156
173.48125,-41.9921875,-0.23087
173.490625,-41.9921875,-0.22892
173.5,-41.9921875,-0.22559
173.509375,-41.9921875,-0.22072
173.51875,-41.9921875,-0.21417
173.528125,-41.9921875,-0.20581
173.5375,-41.9921875,-0.1955
173.546875,-41.9921875,-0.18311
173.55625,-41.9921875,-0.16853
173.565625,-41.9921875,-0.15164
173.575,-41.9921875,-0.13233
173.584375,-41.9921875,-0.11051
173.59375,-41.9921875,-0.08606
173.603125,-41.9921875,-0.05889
173.6125,-41.9921875,-0.02889
173.209375,-41.984375,-0.08936
173.21875,-41.984375,-0.0946
173.228125,-41.984375,-0.09984
173.2375,-41.984375,-0.10509
173.246875,-41.984375,-0.11068
173.25625,-41.984375,-0.11628
173.265625,-41.984375,-0.12187
173.275,-41.984375,-0.12747
173.284375,-41.984375,-0.13328
173.29375,-41.984375,-0.13909
173.303125,-41.984375,-0.1449
173.3125,-41.984375,-0.15071
173.321875,-41.984375,-0.15652
173.33125,-41.984375,-0.16233
173.340625,-41.984375,-0.16813
173.35,-41.984375,-0.17392
173.359375,-41.984375,-0.17956
173.36875,-41.984375,-0.1851
173.378125,-41.984375,-0.19048
173.3875,-41.984375,-0.19566
173.396875,-41.984375,-0.20059
173.40625,-41.984375,-0.2052
173.415625,-41.984375,-0.20942
173.425,-41.984375,-0.21319
173.434375,-41.984375,-0.21644
173.44375,-41.984375,-0.21906
173.453125,-41.984375,-0.22097
173.4625,-41.984375,-0.22205
173.471875,-41.984375,-0.2222
173.48125,-41.984375,-0.22128
173.490625,-41.984375,-0.21919
173.5,-41.984375,-0.21579
173.509375,-41.984375,-0.21095
173.51875,-41.984375,-0.20454
173.528125,-41.984375,-0.19645
173.5375,-41.984375,-0.18656
173.546875,-41.984375,-0.17474
173.55625,-41.984375,-0.16089
173.565625,-41.984375,-0.14491
173.575,-41.984375,-0.12669
173.584375,-41.984375,-0.10614
173.59375,-41.984375,-0.08314
173.603125,-41.984375,-0.0576
173.6125,-41.984375,-0.02941
173.209375,-41.9765625,-0.08619
173.21875,-41.9765625,-0.09132
173.228125,-41.9765625,-0.09644
173.2375,-41.9765625,-0.10157
173.246875,-41.9765625,-0.10703
173.25625,-41.9765625,-0.11249
173.265625,-41.9765625,-0.11795
173.275,-41.9765625,-0.12341
173.284375,-41.9765625,-0.12906
173.29375,-41.9765625,-0.13471
173.303125,-41.9765625,-0.14036
173.3125,-41.9765625,-0.14602
173.321875,-41.9765625,-0.15163
173.33125,-41.9765625,-0.15724
173.340625,-41.9765625,-0.16285
173.35,-41.9765625,-0.16846
173.359375,-41.9765625,-0.17378
173.36875,-41.9765625,-0.17906
173.378125,-41.9765625,-0.1842
173.3875,-41.9765625,-0.18911
173.396875,-41.9765625,-0.19375
173.40625,-41.9765625,-0.19807
173.415625,-41.9765625,-0.202
173.425,-41.9765625,-0.20546
173.434375,-41.9765625,-0.20839
173.44375,-41.9765625,-0.21071
173.453125,-41.9765625,-0.21233
173.4625,-41.9765625,-0.21315
173.471875,-41.9765625,-0.21307
173.48125,-41.9765625,-0.21198
173.490625,-41.9765625,-0.20976
173.5,-41.9765625,-0.20632
173.509375,-41.9765625,-0.20153
173.51875,-41.9765625,-0.19527
173.528125,-41.9765625,-0.18745
173.5375,-41.9765625,-0.17795
173.546875,-41.9765625,-0.16666
173.55625,-41.9765625,-0.15349
173.565625,-41.9765625,-0.13834
173.575,-41.9765625,-0.12111
173.584375,-41.9765625,-0.1017
173.59375,-41.9765625,-0.08001
173.603125,-41.9765625,-0.05595
173.6125,-41.9765625,-0.0294
173.209375,-41.96875,-0.08303
173.21875,-41.96875,-0.08803
173.228125,-41.96875,-0.09304
173.2375,-41.96875,-0.09804
173.246875,-41.96875,-0.10337
173.25625,-41.96875,-0.1087
173.265625,-41.96875,-0.11402
173.275,-41.96875,-0.11935
173.284375,-41.96875,-0.12484
173.29375,-41.96875,-0.13034
173.303125,-41.96875,-0.13583
173.3125,-41.96875,-0.14132
173.321875,-41.96875,-0.14674
173.33125,-41.96875,-0.15215
173.340625,-41.96875,-0.15756
173.35,-41.96875,-0.16297
173.359375,-41.96875,-0.1679
173.36875,-41.96875,-0.17302
173.378125,-41.96875,-0.17794
173.3875,-41.96875,-0.18261
173.396875,-41.96875,-0.18698
173.40625,-41.96875,-0.19101
173.415625,-41.96875,-0.19466
173.425,-41.96875,-0.19786
173.434375,-41.96875,-0.20051
173.44375,-41.96875,-0.20255
173.453125,-41.96875,-0.20392
173.4625,-41.96875,-0.20451
173.471875,-41.96875,-0.20423
173.48125,-41.96875,-0.20299
173.490625,-41.96875,-0.20069
173.5,-41.96875,-0.19722
173.509375,-41.96875,-0.19249
173.51875,-41.96875,-0.18639
173.528125,-41.96875,-0.17883
173.5375,-41.96875,-0.1697
173.546875,-41.96875,-0.1589
173.55625,-41.96875,-0.14636
173.565625,-41.96875,-0.13196
173.575,-41.96875,-0.11562
173.584375,-41.96875,-0.09724
173.59375,-41.96875,-0.07674
173.603125,-41.96875,-0.054
173.6125,-41.96875,-0.02892
173.209375,-41.9609375,-0.07997
173.21875,-41.9609375,-0.08485
173.228125,-41.9609375,-0.08974
173.2375,-41.9609375,-0.09462
173.246875,-41.9609375,-0.09981
173.25625,-41.9609375,-0.10499
173.265625,-41.9609375,-0.11018
173.275,-41.9609375,-0.11537
173.284375,-41.9609375,-0.1207
173.29375,-41.9609375,-0.12604
173.303125,-41.9609375,-0.13137
173.3125,-41.9609375,-0.13671
173.321875,-41.9609375,-0.14193
173.33125,-41.9609375,-0.14716
173.340625,-41.9609375,-0.15239
173.35,-41.9609375,-0.15761
173.359375,-41.9609375,-0.16233
173.36875,-41.9609375,-0.16705
173.378125,-41.9609375,-0.17178
173.3875,-41.9609375,-0.17621
173.396875,-41.9609375,-0.18031
173.40625,-41.9609375,-0.18407
173.415625,-41.9609375,-0.18745
173.425,-41.9609375,-0.19039
173.434375,-41.9609375,-0.19282
173.44375,-41.9609375,-0.19462
173.453125,-41.9609375,-0.19576
173.4625,-41.9609375,-0.19616
173.471875,-41.9609375,-0.19572
173.48125,-41.9609375,-0.19436
173.490625,-41.9609375,-0.192
173.5,-41.9609375,-0.18853
173.509375,-41.9609375,-0.18387
173.51875,-41.9609375,-0.17793
173.528125,-41.9609375,-0.17061
173.5375,-41.9609375,-0.16182
173.546875,-41.9609375,-0.15148
173.55625,-41.9609375,-0.1395
173.565625,-41.9609375,-0.12579
173.575,-41.9609375,-0.11026
173.584375,-41.9609375,-0.09281
173.59375,-41.9609375,-0.07337
173.603125,-41.9609375,-0.05182
173.6125,-41.9609375,-0.02806
173.209375,-41.953125,-0.07691
173.21875,-41.953125,-0.08167
173.228125,-41.953125,-0.08643
173.2375,-41.953125,-0.09119
173.246875,-41.953125,-0.09624
173.25625,-41.953125,-0.10129
173.265625,-41.953125,-0.10634
173.275,-41.953125,-0.11139
173.284375,-41.953125,-0.11656
173.29375,-41.953125,-0.12174
173.303125,-41.953125,-0.12691
173.3125,-41.953125,-0.13209
173.321875,-41.953125,-0.13713
173.33125,-41.953125,-0.14217
173.340625,-41.953125,-0.14721
173.35,-41.953125,-0.15226
173.359375,-41.953125,-0.15676
173.36875,-41.953125,-0.16126
173.378125,-41.953125,-0.16576
173.3875,-41.953125,-0.16999
173.396875,-41.953125,-0.17377
173.40625,-41.953125,-0.17727
173.415625,-41.953125,-0.18041
173.425,-41.953125,-0.18313
173.434375,-41.953125,-0.18533
173.44375,-41.953125,-0.18696
173.453125,-41.953125,-0.18791
173.4625,-41.953125,-0.18813
173.471875,-41.953125,-0.18756
173.48125,-41.953125,-0.18611
173.490625,-41.953125,-0.1837
173.5,-41.953125,-0.18025
173.509375,-41.953125,-0.17567
173.51875,-41.953125,-0.16988
173.528125,-41.953125,-0.16279
173.5375,-41.953125,-0.15433
173.546875,-41.953125,-0.14441
173.55625,-41.953125,-0.13295
173.565625,-41.953125,-0.11985
173.575,-41.953125,-0.10505
173.584375,-41.953125,-0.08845
173.59375,-41.953125,-0.06995
173.603125,-41.953125,-0.04947
173.6125,-41.953125,-0.0269
173.209375,-41.9453125,-0.07385
173.21875,-41.9453125,-0.07849
173.228125,-41.9453125,-0.08313
173.2375,-41.9453125,-0.08777
173.246875,-41.9453125,-0.09268
173.25625,-41.9453125,-0.09759
173.265625,-41.9453125,-0.1025
173.275,-41.9453125,-0.10741
173.284375,-41.9453125,-0.11242
173.29375,-41.9453125,-0.11744
173.303125,-41.9453125,-0.12245
173.3125,-41.9453125,-0.12747
173.321875,-41.9453125,-0.13233
173.33125,-41.9453125,-0.13718
173.340625,-41.9453125,-0.14204
173.35,-41.9453125,-0.1469
173.359375,-41.9453125,-0.15119
173.36875,-41.9453125,-0.15548
173.378125,-41.9453125,-0.15977
173.3875,-41.9453125,-0.16406
173.396875,-41.9453125,-0.16733
173.40625,-41.9453125,-0.17061
173.415625,-41.9453125,-0.17357
173.425,-41.9453125,-0.17609
173.434375,-41.9453125,-0.17811
173.44375,-41.9453125,-0.17956
173.453125,-41.9453125,-0.18036
173.4625,-41.9453125,-0.18045
173.471875,-41.9453125,-0.17977
173.48125,-41.9453125,-0.17825
173.490625,-41.9453125,-0.17582
173.5,-41.9453125,-0.17239
173.509375,-41.9453125,-0.1679
173.51875,-41.9453125,-0.16226
173.528125,-41.9453125,-0.1554
173.5375,-41.9453125,-0.14724
173.546875,-41.9453125,-0.1377
173.55625,-41.9453125,-0.12671
173.565625,-41.9453125,-0.11418
173.575,-41.9453125,-0.10004
173.584375,-41.9453125,-0.08419
173.59375,-41.9453125,-0.06655
173.603125,-41.9453125,-0.04703
173.6125,-41.9453125,-0.02552
173.209375,-41.9375,-0.0708
173.21875,-41.9375,-0.07531
173.228125,-41.9375,-0.07983
173.2375,-41.9375,-0.08434
173.246875,-41.9375,-0.08911
173.25625,-41.9375,-0.09389
173.265625,-41.9375,-0.09866
173.275,-41.9375,-0.10343
173.284375,-41.9375,-0.10828
173.29375,-41.9375,-0.11314
173.303125,-41.9375,-0.118
173.3125,-41.9375,-0.12285
173.321875,-41.9375,-0.12752
173.33125,-41.9375,-0.13219
173.340625,-41.9375,-0.13687
173.35,-41.9375,-0.14154
173.359375,-41.9375,-0.14562
173.36875,-41.9375,-0.14969
173.378125,-41.9375,-0.15377
173.3875,-41.9375,-0.15785
173.396875,-41.9375,-0.16075
173.40625,-41.9375,-0.16408
173.415625,-41.9375,-0.16695
173.425,-41.9375,-0.16932
173.434375,-41.9375,-0.17118
173.44375,-41.9375,-0.17247
173.453125,-41.9375,-0.17315
173.4625,-41.9375,-0.17312
173.471875,-41.9375,-0.17236
173.48125,-41.9375,-0.17079
173.490625,-41.9375,-0.16835
173.5,-41.9375,-0.16496
173.509375,-41.9375,-0.16056
173.51875,-41.9375,-0.15507
173.528125,-41.9375,-0.14843
173.5375,-41.9375,-0.14055
173.546875,-41.9375,-0.13137
173.55625,-41.9375,-0.12081
173.565625,-41.9375,-0.10879
173.575,-41.9375,-0.09524
173.584375,-41.9375,-0.08008
173.59375,-41.9375,-0.06321
173.603125,-41.9375,-0.04455
173.6125,-41.9375,-0.024
173.209375,-41.9296875,-0.06796
173.21875,-41.9296875,-0.07236
173.228125,-41.9296875,-0.07676
173.2375,-41.9296875,-0.08116
173.246875,-41.9296875,-0.0858
173.25625,-41.9296875,-0.09045
173.265625,-41.9296875,-0.09509
173.275,-41.9296875,-0.09973
173.284375,-41.9296875,-0.10445
173.29375,-41.9296875,-0.10916
173.303125,-41.9296875,-0.11388
173.3125,-41.9296875,-0.11859
173.321875,-41.9296875,-0.12311
173.33125,-41.9296875,-0.12763
173.340625,-41.9296875,-0.13215
173.35,-41.9296875,-0.13666
173.359375,-41.9296875,-0.14059
173.36875,-41.9296875,-0.14451
173.378125,-41.9296875,-0.14843
173.3875,-41.9296875,-0.15235
173.396875,-41.9296875,-0.15511
173.40625,-41.9296875,-0.15786
173.415625,-41.9296875,-0.16063
173.425,-41.9296875,-0.16284
173.434375,-41.9296875,-0.16454
173.44375,-41.9296875,-0.1657
173.453125,-41.9296875,-0.16625
173.4625,-41.9296875,-0.16615
173.471875,-41.9296875,-0.16533
173.48125,-41.9296875,-0.16373
173.490625,-41.9296875,-0.16129
173.5,-41.9296875,-0.15796
173.509375,-41.9296875,-0.15365
173.51875,-41.9296875,-0.14831
173.528125,-41.9296875,-0.14187
173.5375,-41.9296875,-0.13426
173.546875,-41.9296875,-0.12541
173.55625,-41.9296875,-0.11524
173.565625,-41.9296875,-0.1037
173.575,-41.9296875,-0.09069
173.584375,-41.9296875,-0.07614
173.59375,-41.9296875,-0.05997
173.603125,-41.9296875,-0.04209
173.6125,-41.9296875,-0.0224
173.209375,-41.921875,-0.06513
173.21875,-41.921875,-0.06941
173.228125,-41.921875,-0.0737
173.2375,-41.921875,-0.07798
173.246875,-41.921875,-0.08249
173.25625,-41.921875,-0.08701
173.265625,-41.921875,-0.09152
173.275,-41.921875,-0.09604
173.284375,-41.921875,-0.10061
173.29375,-41.921875,-0.10518
173.303125,-41.921875,-0.10975
173.3125,-41.921875,-0.11433
173.321875,-41.921875,-0.11869
173.33125,-41.921875,-0.12306
173.340625,-41.921875,-0.12743
173.35,-41.921875,-0.13179
173.359375,-41.921875,-0.13556
173.36875,-41.921875,-0.13932
173.378125,-41.921875,-0.14309
173.3875,-41.921875,-0.14685
173.396875,-41.921875,-0.14947
173.40625,-41.921875,-0.15208
173.415625,-41.921875,-0.15469
173.425,-41.921875,-0.15667
173.434375,-41.921875,-0.15822
173.44375,-41.921875,-0.15925
173.453125,-41.921875,-0.15971
173.4625,-41.921875,-0.15953
173.471875,-41.921875,-0.15867
173.48125,-41.921875,-0.15706
173.490625,-41.921875,-0.15465
173.5,-41.921875,-0.15137
173.509375,-41.921875,-0.14716
173.51875,-41.921875,-0.14197
173.528125,-41.921875,-0.13573
173.5375,-41.921875,-0.12837
173.546875,-41.921875,-0.11983
173.55625,-41.921875,-0.11003
173.565625,-41.921875,-0.09891
173.575,-41.921875,-0.0864
173.584375,-41.921875,-0.07242
173.59375,-41.921875,-0.05688
173.603125,-41.921875,-0.0397
173.6125,-41.921875,-0.02079
173.209375,-41.9140625,-0.06229
173.21875,-41.9140625,-0.06646
173.228125,-41.9140625,-0.07063
173.2375,-41.9140625,-0.0748
173.246875,-41.9140625,-0.07918
173.25625,-41.9140625,-0.08357
173.265625,-41.9140625,-0.08795
173.275,-41.9140625,-0.09234
173.284375,-41.9140625,-0.09677
173.29375,-41.9140625,-0.1012
173.303125,-41.9140625,-0.10563
173.3125,-41.9140625,-0.11007
173.321875,-41.9140625,-0.11428
173.33125,-41.9140625,-0.11849
173.340625,-41.9140625,-0.1227
173.35,-41.9140625,-0.12692
173.359375,-41.9140625,-0.13053
173.36875,-41.9140625,-0.13414
173.378125,-41.9140625,-0.13774
173.3875,-41.9140625,-0.14135
173.396875,-41.9140625,-0.14383
173.40625,-41.9140625,-0.1463
173.415625,-41.9140625,-0.14877
173.425,-41.9140625,-0.15075
173.434375,-41.9140625,-0.1522
173.44375,-41.9140625,-0.15313
173.453125,-41.9140625,-0.1535
173.4625,-41.9140625,-0.15327
173.471875,-41.9140625,-0.1524
173.48125,-41.9140625,-0.15078
173.490625,-41.9140625,-0.1484
173.5,-41.9140625,-0.14519
173.509375,-41.9140625,-0.14109
173.51875,-41.9140625,-0.13605
173.528125,-41.9140625,-0.13
173.5375,-41.9140625,-0.12288
173.546875,-41.9140625,-0.11462
173.55625,-41.9140625,-0.10517
173.565625,-41.9140625,-0.09446
173.575,-41.9140625,-0.0824
173.584375,-41.9140625,-0.06893
173.59375,-41.9140625,-0.05397
173.603125,-41.9140625,-0.03744
173.6125,-41.9140625,-0.01924
173.209375,-41.90625,-0.05946
173.21875,-41.90625,-0.06351
173.228125,-41.90625,-0.06756
173.2375,-41.90625,-0.07162
173.246875,-41.90625,-0.07587
173.25625,-41.90625,-0.08013
173.265625,-41.90625,-0.08439
173.275,-41.90625,-0.08864
173.284375,-41.90625,-0.09293
173.29375,-41.90625,-0.09722
173.303125,-41.90625,-0.10151
173.3125,-41.90625,-0.1058
173.321875,-41.90625,-0.10986
173.33125,-41.90625,-0.11392
173.340625,-41.90625,-0.11798
173.35,-41.90625,-0.12205
173.359375,-41.90625,-0.1255
173.36875,-41.90625,-0.12895
173.378125,-41.90625,-0.1324
173.3875,-41.90625,-0.13585
173.396875,-41.90625,-0.13818
173.40625,-41.90625,-0.14051
173.415625,-41.90625,-0.14284
173.425,-41.90625,-0.14517
173.434375,-41.90625,-0.1465
173.44375,-41.90625,-0.14732
173.453125,-41.90625,-0.14762
173.4625,-41.90625,-0.14736
173.471875,-41.90625,-0.14646
173.48125,-41.90625,-0.14488
173.490625,-41.90625,-0.14254
173.5,-41.90625,-0.13941
173.509375,-41.90625,-0.13542
173.51875,-41.90625,-0.13053
173.528125,-41.90625,-0.12467
173.5375,-41.90625,-0.11778
173.546875,-41.90625,-0.1098
173.55625,-41.90625,-0.10067
173.565625,-41.90625,-0.09033
173.575,-41.90625,-0.0787
173.584375,-41.90625,-0.06571
173.59375,-41.90625,-0.05128
173.603125,-41.90625,-0.03534
173.6125,-41.90625,-0.01779
173.209375,-41.8984375,-0.05692
173.21875,-41.8984375,-0.06087
173.228125,-41.8984375,-0.06482
173.2375,-41.8984375,-0.06876
173.246875,-41.8984375,-0.07291
173.25625,-41.8984375,-0.07705
173.265625,-41.8984375,-0.0812
173.275,-41.8984375,-0.08534
173.284375,-41.8984375,-0.08951
173.29375,-41.8984375,-0.09369
173.303125,-41.8984375,-0.09786
173.3125,-41.8984375,-0.10203
173.321875,-41.8984375,-0.10597
173.33125,-41.8984375,-0.10992
173.340625,-41.8984375,-0.11386
173.35,-41.8984375,-0.11781
173.359375,-41.8984375,-0.12115
173.36875,-41.8984375,-0.1245
173.378125,-41.8984375,-0.12784
173.3875,-41.8984375,-0.13119
173.396875,-41.8984375,-0.13344
173.40625,-41.8984375,-0.13569
173.415625,-41.8984375,-0.13794
173.425,-41.8984375,-0.1402
173.434375,-41.8984375,-0.1411
173.44375,-41.8984375,-0.14179
173.453125,-41.8984375,-0.14205
173.4625,-41.8984375,-0.14177
173.471875,-41.8984375,-0.14089
173.48125,-41.8984375,-0.13935
173.490625,-41.8984375,-0.13707
173.5,-41.8984375,-0.13402
173.509375,-41.8984375,-0.13015
173.51875,-41.8984375,-0.1254
173.528125,-41.8984375,-0.11973
173.5375,-41.8984375,-0.11306
173.546875,-41.8984375,-0.10535
173.55625,-41.8984375,-0.09654
173.565625,-41.8984375,-0.08654
173.575,-41.8984375,-0.07531
173.584375,-41.8984375,-0.06277
173.59375,-41.8984375,-0.04885
173.603125,-41.8984375,-0.03345
173.6125,-41.8984375,-0.01651
173.209375,-41.890625,-0.05438
173.21875,-41.890625,-0.05822
173.228125,-41.890625,-0.06207
173.2375,-41.890625,-0.06591
173.246875,-41.890625,-0.06994
173.25625,-41.890625,-0.07398
173.265625,-41.890625,-0.07801
173.275,-41.890625,-0.08204
173.284375,-41.890625,-0.0861
173.29375,-41.890625,-0.09015
173.303125,-41.890625,-0.0942
173.3125,-41.890625,-0.09826
173.321875,-41.890625,-0.10209
173.33125,-41.890625,-0.10591
173.340625,-41.890625,-0.10974
173.35,-41.890625,-0.11357
173.359375,-41.890625,-0.1168
173.36875,-41.890625,-0.12004
173.378125,-41.890625,-0.12328
173.3875,-41.890625,-0.12652
173.396875,-41.890625,-0.1287
173.40625,-41.890625,-0.13087
173.415625,-41.890625,-0.13304
173.425,-41.890625,-0.13522
173.434375,-41.890625,-0.13572
173.44375,-41.890625,-0.13649
173.453125,-41.890625,-0.13677
173.4625,-41.890625,-0.1365
173.471875,-41.890625,-0.13566
173.48125,-41.890625,-0.13417
173.490625,-41.890625,-0.13195
173.5,-41.890625,-0.12899
173.509375,-41.890625,-0.12525
173.51875,-41.890625,-0.12065
173.528125,-41.890625,-0.11517
173.5375,-41.890625,-0.10873
173.546875,-41.890625,-0.10128
173.55625,-41.890625,-0.09276
173.565625,-41.890625,-0.0831
173.575,-41.890625,-0.07225
173.584375,-41.890625,-0.06014
173.59375,-41.890625,-0.04668
173.603125,-41.890625,-0.03181
173.6125,-41.890625,-0.01544
173.209375,-41.8828125,-0.05184
173.21875,-41.8828125,-0.05558
173.228125,-41.8828125,-0.05932
173.2375,-41.8828125,-0.06306
173.246875,-41.8828125,-0.06698
173.25625,-41.8828125,-0.0709
173.265625,-41.8828125,-0.07482
173.275,-41.8828125,-0.07874
173.284375,-41.8828125,-0.08268
173.29375,-41.8828125,-0.08661
173.303125,-41.8828125,-0.09055
173.3125,-41.8828125,-0.09449
173.321875,-41.8828125,-0.0982
173.33125,-41.8828125,-0.10191
173.340625,-41.8828125,-0.10562
173.35,-41.8828125,-0.10933
173.359375,-41.8828125,-0.11246
173.36875,-41.8828125,-0.11559
173.378125,-41.8828125,-0.11873
173.3875,-41.8828125,-0.12186
173.396875,-41.8828125,-0.12395
173.40625,-41.8828125,-0.12605
173.415625,-41.8828125,-0.12814
173.425,-41.8828125,-0.13024
173.434375,-41.8828125,-0.13071
173.44375,-41.8828125,-0.13148
173.453125,-41.8828125,-0.13178
173.4625,-41.8828125,-0.13155
173.471875,-41.8828125,-0.13074
173.48125,-41.8828125,-0.12933
173.490625,-41.8828125,-0.12719
173.5,-41.8828125,-0.12433
173.509375,-41.8828125,-0.12071
173.51875,-41.8828125,-0.11627
173.528125,-41.8828125,-0.11097
173.5375,-41.8828125,-0.10475
173.546875,-41.8828125,-0.09756
173.55625,-41.8828125,-0.08933
173.565625,-41.8828125,-0.08001
173.575,-41.8828125,-0.06952
173.584375,-41.8828125,-0.05782
173.59375,-41.8828125,-0.04481
173.603125,-41.8828125,-0.03044
173.6125,-41.8828125,-0.01461
173.209375,-41.875,-0.0493
173.21875,-41.875,-0.05294
173.228125,-41.875,-0.05657
173.2375,-41.875,-0.06021
173.246875,-41.875,-0.06402
173.25625,-41.875,-0.06782
173.265625,-41.875,-0.07163
173.275,-41.875,-0.07544
173.284375,-41.875,-0.07926
173.29375,-41.875,-0.08308
173.303125,-41.875,-0.0869
173.3125,-41.875,-0.09072
173.321875,-41.875,-0.09431
173.33125,-41.875,-0.0979
173.340625,-41.875,-0.10149
173.35,-41.875,-0.10508
173.359375,-41.875,-0.10811
173.36875,-41.875,-0.11114
173.378125,-41.875,-0.11417
173.3875,-41.875,-0.11719
173.396875,-41.875,-0.11921
173.40625,-41.875,-0.12123
173.415625,-41.875,-0.12324
173.425,-41.875,-0.12526
173.434375,-41.875,-0.12571
173.44375,-41.875,-0.12672
173.453125,-41.875,-0.12708
173.4625,-41.875,-0.12689
173.471875,-41.875,-0.12613
173.48125,-41.875,-0.12478
173.490625,-41.875,-0.12276
173.5,-41.875,-0.12
173.509375,-41.875,-0.11652
173.51875,-41.875,-0.11224
173.528125,-41.875,-0.10713
173.5375,-41.875,-0.10114
173.546875,-41.875,-0.09419
173.55625,-41.875,-0.08625
173.565625,-41.875,-0.07725
173.575,-41.875,-0.06713
173.584375,-41.875,-0.05582
173.59375,-41.875,-0.04326
173.603125,-41.875,-0.02937
173.6125,-41.875,-0.01407
173.209375,-41.8671875,-0.04708
173.21875,-41.8671875,-0.05063
173.228125,-41.8671875,-0.05418
173.2375,-41.8671875,-0.05772
173.246875,-41.8671875,-0.06143
173.25625,-41.8671875,-0.06515
173.265625,-41.8671875,-0.06886
173.275,-41.8671875,-0.07257
173.284375,-41.8671875,-0.0763
173.29375,-41.8671875,-0.08002
173.303125,-41.8671875,-0.08374
173.3125,-41.8671875,-0.08747
173.321875,-41.8671875,-0.09097
173.33125,-41.8671875,-0.09448
173.340625,-41.8671875,-0.09798
173.35,-41.8671875,-0.10149
173.359375,-41.8671875,-0.10445
173.36875,-41.8671875,-0.10741
173.378125,-41.8671875,-0.11036
173.3875,-41.8671875,-0.11332
173.396875,-41.8671875,-0.1153
173.40625,-41.8671875,-0.11729
173.415625,-41.8671875,-0.11927
173.425,-41.8671875,-0.12125
173.434375,-41.8671875,-0.12172
173.44375,-41.8671875,-0.12241
173.453125,-41.8671875,-0.12271
173.4625,-41.8671875,-0.12253
173.471875,-41.8671875,-0.12183
173.48125,-41.8671875,-0.12055
173.490625,-41.8671875,-0.11864
173.5,-41.8671875,-0.116
173.509375,-41.8671875,-0.11266
173.51875,-41.8671875,-0.10855
173.528125,-41.8671875,-0.10363
173.5375,-41.8671875,-0.09786
173.546875,-41.8671875,-0.09117
173.55625,-41.8671875,-0.08352
173.565625,-41.8671875,-0.07484
173.575,-41.8671875,-0.06507
173.584375,-41.8671875,-0.05416
173.59375,-41.8671875,-0.04202
173.603125,-41.8671875,-0.02861
173.6125,-41.8671875,-0.01383
173.209375,-41.859375,-0.04487
173.21875,-41.859375,-0.04832
173.228125,-41.859375,-0.05178
173.2375,-41.859375,-0.05523
173.246875,-41.859375,-0.05885
173.25625,-41.859375,-0.06247
173.265625,-41.859375,-0.06609
173.275,-41.859375,-0.0697
173.284375,-41.859375,-0.07333
173.29375,-41.859375,-0.07696
173.303125,-41.859375,-0.08059
173.3125,-41.859375,-0.08422
173.321875,-41.859375,-0.08764
173.33125,-41.859375,-0.09106
173.340625,-41.859375,-0.09447
173.35,-41.859375,-0.09789
173.359375,-41.859375,-0.10078
173.36875,-41.859375,-0.10367
173.378125,-41.859375,-0.10656
173.3875,-41.859375,-0.10945
173.396875,-41.859375,-0.1114
173.40625,-41.859375,-0.11335
173.415625,-41.859375,-0.11529
173.425,-41.859375,-0.11724
173.434375,-41.859375,-0.11773
173.44375,-41.859375,-0.11829
173.453125,-41.859375,-0.11858
173.4625,-41.859375,-0.11845
173.471875,-41.859375,-0.11781
173.48125,-41.859375,-0.11661
173.490625,-41.859375,-0.11482
173.5,-41.859375,-0.11231
173.509375,-41.859375,-0.10911
173.51875,-41.859375,-0.10517
173.528125,-41.859375,-0.10045
173.5375,-41.859375,-0.09491
173.546875,-41.859375,-0.08848
173.55625,-41.859375,-0.08111
173.565625,-41.859375,-0.07275
173.575,-41.859375,-0.06334
173.584375,-41.859375,-0.05282
173.59375,-41.859375,-0.04112
173.603125,-41.859375,-0.02817
173.6125,-41.859375,-0.01391
173.209375,-41.8515625,-0.04265
173.21875,-41.8515625,-0.04602
173.228125,-41.8515625,-0.04938
173.2375,-41.8515625,-0.05275
173.246875,-41.8515625,-0.05627
173.25625,-41.8515625,-0.05979
173.265625,-41.8515625,-0.06331
173.275,-41.8515625,-0.06683
173.284375,-41.8515625,-0.07037
173.29375,-41.8515625,-0.0739
173.303125,-41.8515625,-0.07744
173.3125,-41.8515625,-0.08097
173.321875,-41.8515625,-0.0843
173.33125,-41.8515625,-0.08763
173.340625,-41.8515625,-0.09096
173.35,-41.8515625,-0.09429
173.359375,-41.8515625,-0.09712
173.36875,-41.8515625,-0.09994
173.378125,-41.8515625,-0.10276
173.3875,-41.8515625,-0.10558
173.396875,-41.8515625,-0.10749
173.40625,-41.8515625,-0.10941
173.415625,-41.8515625,-0.11132
173.425,-41.8515625,-0.11323
173.434375,-41.8515625,-0.11374
173.44375,-41.8515625,-0.11425
173.453125,-41.8515625,-0.11465
173.4625,-41.8515625,-0.1146
173.471875,-41.8515625,-0.11405
173.48125,-41.8515625,-0.11296
173.490625,-41.8515625,-0.11128
173.5,-41.8515625,-0.1089
173.509375,-41.8515625,-0.10585
173.51875,-41.8515625,-0.10209
173.528125,-41.8515625,-0.09758
173.5375,-41.8515625,-0.09226
173.546875,-41.8515625,-0.08609
173.55625,-41.8515625,-0.07902
173.565625,-41.8515625,-0.07098
173.575,-41.8515625,-0.06193
173.584375,-41.8515625,-0.0518
173.59375,-41.8515625,-0.04053
173.603125,-41.8515625,-0.02806
173.6125,-41.8515625,-0.01432
173.209375,-41.84375,-0.04044
173.21875,-41.84375,-0.04371
173.228125,-41.84375,-0.04698
173.2375,-41.84375,-0.05026
173.246875,-41.84375,-0.05369
173.25625,-41.84375,-0.05711
173.265625,-41.84375,-0.06054
173.275,-41.84375,-0.06397
173.284375,-41.84375,-0.06741
173.29375,-41.84375,-0.07085
173.303125,-41.84375,-0.07429
173.3125,-41.84375,-0.07773
173.321875,-41.84375,-0.08097
173.33125,-41.84375,-0.08421
173.340625,-41.84375,-0.08746
173.35,-41.84375,-0.0907
173.359375,-41.84375,-0.09345
173.36875,-41.84375,-0.0962
173.378125,-41.84375,-0.09896
173.3875,-41.84375,-0.10171
173.396875,-41.84375,-0.10359
173.40625,-41.84375,-0.10547
173.415625,-41.84375,-0.10734
173.425,-41.84375,-0.10922
173.434375,-41.84375,-0.10975
173.44375,-41.84375,-0.11028
173.453125,-41.84375,-0.11094
173.4625,-41.84375,-0.11101
173.471875,-41.84375,-0.11055
173.48125,-41.84375,-0.10956
173.490625,-41.84375,-0.108
173.5,-41.84375,-0.10576
173.509375,-41.84375,-0.10287
173.51875,-41.84375,-0.09929
173.528125,-41.84375,-0.09499
173.5375,-41.84375,-0.08991
173.546875,-41.84375,-0.08401
173.55625,-41.84375,-0.07723
173.565625,-41.84375,-0.06952
173.575,-41.84375,-0.06083
173.584375,-41.84375,-0.0511
173.59375,-41.84375,-0.04027
173.603125,-41.84375,-0.02828
173.6125,-41.84375,-0.01506
173.209375,-41.8359375,-0.03854
173.21875,-41.8359375,-0.04174
173.228125,-41.8359375,-0.04494
173.2375,-41.8359375,-0.04813
173.246875,-41.8359375,-0.05148
173.25625,-41.8359375,-0.05483
173.265625,-41.8359375,-0.05817
173.275,-41.8359375,-0.06152
173.284375,-41.8359375,-0.06489
173.29375,-41.8359375,-0.06825
173.303125,-41.8359375,-0.07161
173.3125,-41.8359375,-0.07498
173.321875,-41.8359375,-0.07815
173.33125,-41.8359375,-0.08133
173.340625,-41.8359375,-0.08451
173.35,-41.8359375,-0.08768
173.359375,-41.8359375,-0.09039
173.36875,-41.8359375,-0.0931
173.378125,-41.8359375,-0.09581
173.3875,-41.8359375,-0.09852
173.396875,-41.8359375,-0.10039
173.40625,-41.8359375,-0.10227
173.415625,-41.8359375,-0.10414
173.425,-41.8359375,-0.10601
173.434375,-41.8359375,-0.10658
173.44375,-41.8359375,-0.10715
173.453125,-41.8359375,-0.10762
173.4625,-41.8359375,-0.10769
173.471875,-41.8359375,-0.1073
173.48125,-41.8359375,-0.10641
173.490625,-41.8359375,-0.10497
173.5,-41.8359375,-0.10287
173.509375,-41.8359375,-0.10014
173.51875,-41.8359375,-0.09676
173.528125,-41.8359375,-0.09267
173.5375,-41.8359375,-0.08783
173.546875,-41.8359375,-0.0822
173.55625,-41.8359375,-0.07572
173.565625,-41.8359375,-0.06834
173.575,-41.8359375,-0.06002
173.584375,-41.8359375,-0.05069
173.59375,-41.8359375,-0.04031
173.603125,-41.8359375,-0.02881
173.6125,-41.8359375,-0.01613
173.209375,-41.828125,-0.03665
173.21875,-41.828125,-0.03977
173.228125,-41.828125,-0.04289
173.2375,-41.828125,-0.04601
173.246875,-41.828125,-0.04927
173.25625,-41.828125,-0.05254
173.265625,-41.828125,-0.05581
173.275,-41.828125,-0.05908
173.284375,-41.828125,-0.06236
173.29375,-41.828125,-0.06565
173.303125,-41.828125,-0.06894
173.3125,-41.828125,-0.07222
173.321875,-41.828125,-0.07534
173.33125,-41.828125,-0.07845
173.340625,-41.828125,-0.08156
173.35,-41.828125,-0.08467
173.359375,-41.828125,-0.08734
173.36875,-41.828125,-0.09
173.378125,-41.828125,-0.09267
173.3875,-41.828125,-0.09534
173.396875,-41.828125,-0.0972
173.40625,-41.828125,-0.09906
173.415625,-41.828125,-0.10093
173.425,-41.828125,-0.10279
173.434375,-41.828125,-0.10341
173.44375,-41.828125,-0.10403
173.453125,-41.828125,-0.10448
173.4625,-41.828125,-0.10458
173.471875,-41.828125,-0.10427
173.48125,-41.828125,-0.10347
173.490625,-41.828125,-0.10217
173.5,-41.828125,-0.10021
173.509375,-41.828125,-0.09765
173.51875,-41.828125,-0.09446
173.528125,-41.828125,-0.09059
173.5375,-41.828125,-0.086
173.546875,-41.828125,-0.08064
173.55625,-41.828125,-0.07447
173.565625,-41.828125,-0.06743
173.575,-41.828125,-0.05948
173.584375,-41.828125,-0.05057
173.59375,-41.828125,-0.04064
173.603125,-41.828125,-0.02963
173.6125,-41.828125,-0.01749
173.209375,-41.8203125,-0.03476
173.21875,-41.8203125,-0.0378
173.228125,-41.8203125,-0.04084
173.2375,-41.8203125,-0.04388
173.246875,-41.8203125,-0.04707
173.25625,-41.8203125,-0.05026
173.265625,-41.8203125,-0.05344
173.275,-41.8203125,-0.05663
173.284375,-41.8203125,-0.05984
173.29375,-41.8203125,-0.06305
173.303125,-41.8203125,-0.06626
173.3125,-41.8203125,-0.06947
173.321875,-41.8203125,-0.07252
173.33125,-41.8203125,-0.07557
173.340625,-41.8203125,-0.07861
173.35,-41.8203125,-0.08166
173.359375,-41.8203125,-0.08428
173.36875,-41.8203125,-0.0869
173.378125,-41.8203125,-0.08953
173.3875,-41.8203125,-0.09215
173.396875,-41.8203125,-0.09401
173.40625,-41.8203125,-0.09586
173.415625,-41.8203125,-0.09772
173.425,-41.8203125,-0.09958
173.434375,-41.8203125,-0.10024
173.44375,-41.8203125,-0.1009
173.453125,-41.8203125,-0.10146
173.4625,-41.8203125,-0.10166
173.471875,-41.8203125,-0.10143
173.48125,-41.8203125,-0.10075
173.490625,-41.8203125,-0.09957
173.5,-41.8203125,-0.09776
173.509375,-41.8203125,-0.09538
173.51875,-41.8203125,-0.09239
173.528125,-41.8203125,-0.08874
173.5375,-41.8203125,-0.0844
173.546875,-41.8203125,-0.07933
173.55625,-41.8203125,-0.07346
173.565625,-41.8203125,-0.06677
173.575,-41.8203125,-0.0592
173.584375,-41.8203125,-0.05071
173.59375,-41.8203125,-0.04124
173.603125,-41.8203125,-0.03073
173.6125,-41.8203125,-0.01915
173.209375,-41.8125,-0.03287
173.21875,-41.8125,-0.03583
173.228125,-41.8125,-0.03879
173.2375,-41.8125,-0.04176
173.246875,-41.8125,-0.04486
173.25625,-41.8125,-0.04797
173.265625,-41.8125,-0.05108
173.275,-41.8125,-0.05419
173.284375,-41.8125,-0.05732
173.29375,-41.8125,-0.06045
173.303125,-41.8125,-0.06359
173.3125,-41.8125,-0.06672
173.321875,-41.8125,-0.0697
173.33125,-41.8125,-0.07268
173.340625,-41.8125,-0.07566
173.35,-41.8125,-0.07864
173.359375,-41.8125,-0.08122
173.36875,-41.8125,-0.0838
173.378125,-41.8125,-0.08638
173.3875,-41.8125,-0.08896
173.396875,-41.8125,-0.09081
173.40625,-41.8125,-0.09266
173.415625,-41.8125,-0.09451
173.425,-41.8125,-0.09636
173.434375,-41.8125,-0.09707
173.44375,-41.8125,-0.09778
173.453125,-41.8125,-0.09859
173.4625,-41.8125,-0.0989
173.471875,-41.8125,-0.09878
173.48125,-41.8125,-0.09821
173.490625,-41.8125,-0.09717
173.5,-41.8125,-0.09551
173.509375,-41.8125,-0.09331
173.51875,-41.8125,-0.09052
173.528125,-41.8125,-0.0871
173.5375,-41.8125,-0.08302
173.546875,-41.8125,-0.07823
173.55625,-41.8125,-0.07268
173.565625,-41.8125,-0.06634
173.575,-41.8125,-0.05915
173.584375,-41.8125,-0.05108
173.59375,-41.8125,-0.04207
173.603125,-41.8125,-0.03208
173.6125,-41.8125,-0.02106
173.209375,-41.8046875,-0.03128
173.21875,-41.8046875,-0.03418
173.228125,-41.8046875,-0.03707
173.2375,-41.8046875,-0.03997
173.246875,-41.8046875,-0.04301
173.25625,-41.8046875,-0.04605
173.265625,-41.8046875,-0.04909
173.275,-41.8046875,-0.05213
173.284375,-41.8046875,-0.0552
173.29375,-41.8046875,-0.05827
173.303125,-41.8046875,-0.06134
173.3125,-41.8046875,-0.06441
173.321875,-41.8046875,-0.06734
173.33125,-41.8046875,-0.07027
173.340625,-41.8046875,-0.0732
173.35,-41.8046875,-0.07613
173.359375,-41.8046875,-0.07868
173.36875,-41.8046875,-0.08123
173.378125,-41.8046875,-0.08378
173.3875,-41.8046875,-0.08633
173.396875,-41.8046875,-0.08819
173.40625,-41.8046875,-0.09005
173.415625,-41.8046875,-0.0919
173.425,-41.8046875,-0.09376
173.434375,-41.8046875,-0.09453
173.44375,-41.8046875,-0.0953
173.453125,-41.8046875,-0.09599
173.4625,-41.8046875,-0.09634
173.471875,-41.8046875,-0.0963
173.48125,-41.8046875,-0.09583
173.490625,-41.8046875,-0.09489
173.5,-41.8046875,-0.09344
173.509375,-41.8046875,-0.09142
173.51875,-41.8046875,-0.08883
173.528125,-41.8046875,-0.08565
173.5375,-41.8046875,-0.08182
173.546875,-41.8046875,-0.07732
173.55625,-41.8046875,-0.07209
173.565625,-41.8046875,-0.0661
173.575,-41.8046875,-0.05931
173.584375,-41.8046875,-0.05166
173.59375,-41.8046875,-0.04313
173.603125,-41.8046875,-0.03365
173.6125,-41.8046875,-0.02319
173.209375,-41.796875,-0.02969
173.21875,-41.796875,-0.03252
173.228125,-41.796875,-0.03535
173.2375,-41.796875,-0.03818
173.246875,-41.796875,-0.04115
173.25625,-41.796875,-0.04413
173.265625,-41.796875,-0.0471
173.275,-41.796875,-0.05007
173.284375,-41.796875,-0.05308
173.29375,-41.796875,-0.05609
173.303125,-41.796875,-0.05909
173.3125,-41.796875,-0.0621
173.321875,-41.796875,-0.06498
173.33125,-41.796875,-0.06786
173.340625,-41.796875,-0.07074
173.35,-41.796875,-0.07361
173.359375,-41.796875,-0.07614
173.36875,-41.796875,-0.07866
173.378125,-41.796875,-0.08118
173.3875,-41.796875,-0.0837
173.396875,-41.796875,-0.08557
173.40625,-41.796875,-0.08743
173.415625,-41.796875,-0.08929
173.425,-41.796875,-0.09116
173.434375,-41.796875,-0.09199
173.44375,-41.796875,-0.09281
173.453125,-41.796875,-0.09354
173.4625,-41.796875,-0.09394
173.471875,-41.796875,-0.09398
173.48125,-41.796875,-0.09361
173.490625,-41.796875,-0.09281
173.5,-41.796875,-0.09153
173.509375,-41.796875,-0.08969
173.51875,-41.796875,-0.08731
173.528125,-41.796875,-0.08436
173.5375,-41.796875,-0.08079
173.546875,-41.796875,-0.07658
173.55625,-41.796875,-0.07168
173.565625,-41.796875,-0.06604
173.575,-41.796875,-0.05964
173.584375,-41.796875,-0.05243
173.59375,-41.796875,-0.04437
173.603125,-41.796875,-0.03541
173.6125,-41.796875,-0.02552
173.209375,-41.7890625,-0.02811
173.21875,-41.7890625,-0.03087
173.228125,-41.7890625,-0.03363
173.2375,-41.7890625,-0.03639
173.246875,-41.7890625,-0.0393
173.25625,-41.7890625,-0.0422
173.265625,-41.7890625,-0.04511
173.275,-41.7890625,-0.04801
173.284375,-41.7890625,-0.05096
173.29375,-41.7890625,-0.0539
173.303125,-41.7890625,-0.05685
173.3125,-41.7890625,-0.05979
173.321875,-41.7890625,-0.06262
173.33125,-41.7890625,-0.06544
173.340625,-41.7890625,-0.06827
173.35,-41.7890625,-0.0711
173.359375,-41.7890625,-0.07359
173.36875,-41.7890625,-0.07608
173.378125,-41.7890625,-0.07858
173.3875,-41.7890625,-0.08107
173.396875,-41.7890625,-0.08294
173.40625,-41.7890625,-0.08481
173.415625,-41.7890625,-0.08668
173.425,-41.7890625,-0.08856
173.434375,-41.7890625,-0.08944
173.44375,-41.7890625,-0.09033
173.453125,-41.7890625,-0.09122
173.4625,-41.7890625,-0.09167
173.471875,-41.7890625,-0.0918
173.48125,-41.7890625,-0.09155
173.490625,-41.7890625,-0.09088
173.5,-41.7890625,-0.08976
173.509375,-41.7890625,-0.0881
173.51875,-41.7890625,-0.08593
173.528125,-41.7890625,-0.08322
173.5375,-41.7890625,-0.07991
173.546875,-41.7890625,-0.07599
173.55625,-41.7890625,-0.07141
173.565625,-41.7890625,-0.06614
173.575,-41.7890625,-0.06013
173.584375,-41.7890625,-0.05335
173.59375,-41.7890625,-0.04576
173.603125,-41.7890625,-0.03732
173.6125,-41.7890625,-0.028
173.209375,-41.78125,-0.02652
173.21875,-41.78125,-0.02921
173.228125,-41.78125,-0.03191
173.2375,-41.78125,-0.03461
173.246875,-41.78125,-0.03744
173.25625,-41.78125,-0.04028
173.265625,-41.78125,-0.04312
173.275,-41.78125,-0.04596
173.284375,-41.78125,-0.04884
173.29375,-41.78125,-0.05172
173.303125,-41.78125,-0.0546
173.3125,-41.78125,-0.05748
173.321875,-41.78125,-0.06026
173.33125,-41.78125,-0.06303
173.340625,-41.78125,-0.06581
173.35,-41.78125,-0.06858
173.359375,-41.78125,-0.07105
173.36875,-41.78125,-0.07351
173.378125,-41.78125,-0.07598
173.3875,-41.78125,-0.07844
173.396875,-41.78125,-0.08032
173.40625,-41.78125,-0.0822
173.415625,-41.78125,-0.08408
173.425,-41.78125,-0.08595
173.434375,-41.78125,-0.0869
173.44375,-41.78125,-0.08784
173.453125,-41.78125,-0.08879
173.4625,-41.78125,-0.08948
173.471875,-41.78125,-0.08975
173.48125,-41.78125,-0.08962
173.490625,-41.78125,-0.08908
173.5,-41.78125,-0.08811
173.509375,-41.78125,-0.08664
173.51875,-41.78125,-0.08468
173.528125,-41.78125,-0.0822
173.5375,-41.78125,-0.07916
173.546875,-41.78125,-0.07553
173.55625,-41.78125,-0.07127
173.565625,-41.78125,-0.06635
173.575,-41.78125,-0.06074
173.584375,-41.78125,-0.05439
173.59375,-41.78125,-0.04728
173.603125,-41.78125,-0.03936
173.6125,-41.78125,-0.0306
173.209375,-41.7734375,-0.02521
173.21875,-41.7734375,-0.02785
173.228125,-41.7734375,-0.03049
173.2375,-41.7734375,-0.03312
173.246875,-41.7734375,-0.0359
173.25625,-41.7734375,-0.03868
173.265625,-41.7734375,-0.04146
173.275,-41.7734375,-0.04424
173.284375,-41.7734375,-0.04707
173.29375,-41.7734375,-0.04989
173.303125,-41.7734375,-0.05272
173.3125,-41.7734375,-0.05555
173.321875,-41.7734375,-0.05828
173.33125,-41.7734375,-0.06101
173.340625,-41.7734375,-0.06375
173.35,-41.7734375,-0.06648
173.359375,-41.7734375,-0.06892
173.36875,-41.7734375,-0.07137
173.378125,-41.7734375,-0.07381
173.3875,-41.7734375,-0.07625
173.396875,-41.7734375,-0.07814
173.40625,-41.7734375,-0.08003
173.415625,-41.7734375,-0.08192
173.425,-41.7734375,-0.08381
173.434375,-41.7734375,-0.08481
173.44375,-41.7734375,-0.08582
173.453125,-41.7734375,-0.08683
173.4625,-41.7734375,-0.08751
173.471875,-41.7734375,-0.08784
173.48125,-41.7734375,-0.08781
173.490625,-41.7734375,-0.0874
173.5,-41.7734375,-0.08658
173.509375,-41.7734375,-0.0853
173.51875,-41.7734375,-0.08354
173.528125,-41.7734375,-0.08129
173.5375,-41.7734375,-0.07851
173.546875,-41.7734375,-0.07517
173.55625,-41.7734375,-0.07124
173.565625,-41.7734375,-0.06667
173.575,-41.7734375,-0.06145
173.584375,-41.7734375,-0.05553
173.59375,-41.7734375,-0.04889
173.603125,-41.7734375,-0.04148
173.6125,-41.7734375,-0.03329
173.209375,-41.765625,-0.0239
173.21875,-41.765625,-0.02648
173.228125,-41.765625,-0.02906
173.2375,-41.765625,-0.03164
173.246875,-41.765625,-0.03436
173.25625,-41.765625,-0.03708
173.265625,-41.765625,-0.0398
173.275,-41.765625,-0.04252
173.284375,-41.765625,-0.0453
173.29375,-41.765625,-0.04807
173.303125,-41.765625,-0.05084
173.3125,-41.765625,-0.05361
173.321875,-41.765625,-0.0563
173.33125,-41.765625,-0.059
173.340625,-41.765625,-0.06169
173.35,-41.765625,-0.06438
173.359375,-41.765625,-0.0668
173.36875,-41.765625,-0.06922
173.378125,-41.765625,-0.07164
173.3875,-41.765625,-0.07406
173.396875,-41.765625,-0.07596
173.40625,-41.765625,-0.07786
173.415625,-41.765625,-0.07976
173.425,-41.765625,-0.08167
173.434375,-41.765625,-0.08273
173.44375,-41.765625,-0.0838
173.453125,-41.765625,-0.08486
173.4625,-41.765625,-0.08566
173.471875,-41.765625,-0.08605
173.48125,-41.765625,-0.0861
173.490625,-41.765625,-0.08581
173.5,-41.765625,-0.08514
173.509375,-41.765625,-0.08405
173.51875,-41.765625,-0.0825
173.528125,-41.765625,-0.08048
173.5375,-41.765625,-0.07796
173.546875,-41.765625,-0.0749
173.55625,-41.765625,-0.07128
173.565625,-41.765625,-0.06707
173.575,-41.765625,-0.06223
173.584375,-41.765625,-0.05674
173.59375,-41.765625,-0.05056
173.603125,-41.765625,-0.04367
173.6125,-41.765625,-0.03603
173.209375,-41.7578125,-0.02259
173.21875,-41.7578125,-0.02511
173.228125,-41.7578125,-0.02763
173.2375,-41.7578125,-0.03016
173.246875,-41.7578125,-0.03282
173.25625,-41.7578125,-0.03548
173.265625,-41.7578125,-0.03814
173.275,-41.7578125,-0.04081
173.284375,-41.7578125,-0.04353
173.29375,-41.7578125,-0.04624
173.303125,-41.7578125,-0.04896
173.3125,-41.7578125,-0.05168
173.321875,-41.7578125,-0.05433
173.33125,-41.7578125,-0.05698
173.340625,-41.7578125,-0.05963
173.35,-41.7578125,-0.06227
173.359375,-41.7578125,-0.06467
173.36875,-41.7578125,-0.06707
173.378125,-41.7578125,-0.06947
173.3875,-41.7578125,-0.07187
173.396875,-41.7578125,-0.07378
173.40625,-41.7578125,-0.0757
173.415625,-41.7578125,-0.07761
173.425,-41.7578125,-0.07952
173.434375,-41.7578125,-0.08065
173.44375,-41.7578125,-0.08177
173.453125,-41.7578125,-0.0829
173.4625,-41.7578125,-0.08402
173.471875,-41.7578125,-0.08436
173.48125,-41.7578125,-0.08448
173.490625,-41.7578125,-0.0843
173.5,-41.7578125,-0.08378
173.509375,-41.7578125,-0.08288
173.51875,-41.7578125,-0.08153
173.528125,-41.7578125,-0.07974
173.5375,-41.7578125,-0.07747
173.546875,-41.7578125,-0.0747
173.55625,-41.7578125,-0.07139
173.565625,-41.7578125,-0.06753
173.575,-41.7578125,-0.06307
173.584375,-41.7578125,-0.05799
173.59375,-41.7578125,-0.05227
173.603125,-41.7578125,-0.04587
173.6125,-41.7578125,-0.03878
173.209375,-41.75,-0.02128
173.21875,-41.75,-0.02374
173.228125,-41.75,-0.02621
173.2375,-41.75,-0.02867
173.246875,-41.75,-0.03128
173.25625,-41.75,-0.03388
173.265625,-41.75,-0.03649
173.275,-41.75,-0.03909
173.284375,-41.75,-0.04175
173.29375,-41.75,-0.04442
173.303125,-41.75,-0.04708
173.3125,-41.75,-0.04975
173.321875,-41.75,-0.05235
173.33125,-41.75,-0.05496
173.340625,-41.75,-0.05757
173.35,-41.75,-0.06017
173.359375,-41.75,-0.06255
173.36875,-41.75,-0.06493
173.378125,-41.75,-0.0673
173.3875,-41.75,-0.06968
173.396875,-41.75,-0.0716
173.40625,-41.75,-0.07353
173.415625,-41.75,-0.07545
173.425,-41.75,-0.07738
173.434375,-41.75,-0.07856
173.44375,-41.75,-0.07975
173.453125,-41.75,-0.08093
173.4625,-41.75,-0.08212
173.471875,-41.75,-0.08265
173.48125,-41.75,-0.0829
173.490625,-41.75,-0.08286
173.5,-41.75,-0.0825
173.509375,-41.75,-0.08178
173.51875,-41.75,-0.08063
173.528125,-41.75,-0.07906
173.5375,-41.75,-0.07704
173.546875,-41.75,-0.07454
173.55625,-41.75,-0.07154
173.565625,-41.75,-0.06802
173.575,-41.75,-0.06393
173.584375,-41.75,-0.05926
173.59375,-41.75,-0.05399
173.603125,-41.75,-0.04808
173.6125,-41.75,-0.04152
173.209375,-41.7421875,-0.02022
173.21875,-41.7421875,-0.02263
173.228125,-41.7421875,-0.02504
173.2375,-41.7421875,-0.02746
173.246875,-41.7421875,-0.03001
173.25625,-41.7421875,-0.03256
173.265625,-41.7421875,-0.03511
173.275,-41.7421875,-0.03767
173.284375,-41.7421875,-0.04028
173.29375,-41.7421875,-0.0429
173.303125,-41.7421875,-0.04552
173.3125,-41.7421875,-0.04814
173.321875,-41.7421875,-0.0507
173.33125,-41.7421875,-0.05327
173.340625,-41.7421875,-0.05584
173.35,-41.7421875,-0.05841
173.359375,-41.7421875,-0.06076
173.36875,-41.7421875,-0.06312
173.378125,-41.7421875,-0.06548
173.3875,-41.7421875,-0.06784
173.396875,-41.7421875,-0.06977
173.40625,-41.7421875,-0.0717
173.415625,-41.7421875,-0.07364
173.425,-41.7421875,-0.07557
173.434375,-41.7421875,-0.07681
173.44375,-41.7421875,-0.07805
173.453125,-41.7421875,-0.07928
173.4625,-41.7421875,-0.08052
173.471875,-41.7421875,-0.081
173.48125,-41.7421875,-0.08136
173.490625,-41.7421875,-0.08146
173.5,-41.7421875,-0.08125
173.509375,-41.7421875,-0.08071
173.51875,-41.7421875,-0.07978
173.528125,-41.7421875,-0.07842
173.5375,-41.7421875,-0.07665
173.546875,-41.7421875,-0.07442
173.55625,-41.7421875,-0.07172
173.565625,-41.7421875,-0.06852
173.575,-41.7421875,-0.0648
173.584375,-41.7421875,-0.06053
173.59375,-41.7421875,-0.05569
173.603125,-41.7421875,-0.05026
173.6125,-41.7421875,-0.04422
173.209375,-41.734375,-0.01915
173.21875,-41.734375,-0.02151
173.228125,-41.734375,-0.02388
173.2375,-41.734375,-0.02624
173.246875,-41.734375,-0.02874
173.25625,-41.734375,-0.03124
173.265625,-41.734375,-0.03374
173.275,-41.734375,-0.03625
173.284375,-41.734375,-0.03882
173.29375,-41.734375,-0.04138
173.303125,-41.734375,-0.04395
173.3125,-41.734375,-0.04652
173.321875,-41.734375,-0.04905
173.33125,-41.734375,-0.05158
173.340625,-41.734375,-0.05411
173.35,-41.734375,-0.05664
173.359375,-41.734375,-0.05898
173.36875,-41.734375,-0.06132
173.378125,-41.734375,-0.06365
173.3875,-41.734375,-0.06599
173.396875,-41.734375,-0.06793
173.40625,-41.734375,-0.06988
173.415625,-41.734375,-0.07182
173.425,-41.734375,-0.07376
173.434375,-41.734375,-0.07505
173.44375,-41.734375,-0.07634
173.453125,-41.734375,-0.07764
173.4625,-41.734375,-0.07893
173.471875,-41.734375,-0.07926
173.48125,-41.734375,-0.07984
173.490625,-41.734375,-0.08011
173.5,-41.734375,-0.08006
173.509375,-41.734375,-0.07969
173.51875,-41.734375,-0.07897
173.528125,-41.734375,-0.07782
173.5375,-41.734375,-0.07628
173.546875,-41.734375,-0.07432
173.55625,-41.734375,-0.07191
173.565625,-41.734375,-0.06903
173.575,-41.734375,-0.06566
173.584375,-41.734375,-0.06178
173.59375,-41.734375,-0.05736
173.603125,-41.734375,-0.05239
173.6125,-41.734375,-0.04684
173.209375,-41.7265625,-0.01809
173.21875,-41.7265625,-0.0204
173.228125,-41.7265625,-0.02271
173.2375,-41.7265625,-0.02502
173.246875,-41.7265625,-0.02747
173.25625,-41.7265625,-0.02992
173.265625,-41.7265625,-0.03237
173.275,-41.7265625,-0.03482
173.284375,-41.7265625,-0.03735
173.29375,-41.7265625,-0.03987
173.303125,-41.7265625,-0.04239
173.3125,-41.7265625,-0.04491
173.321875,-41.7265625,-0.0474
173.33125,-41.7265625,-0.04989
173.340625,-41.7265625,-0.05239
173.35,-41.7265625,-0.05488
173.359375,-41.7265625,-0.05719
173.36875,-41.7265625,-0.05951
173.378125,-41.7265625,-0.06183
173.3875,-41.7265625,-0.06415
173.396875,-41.7265625,-0.0661
173.40625,-41.7265625,-0.06805
173.415625,-41.7265625,-0.07
173.425,-41.7265625,-0.07195
173.434375,-41.7265625,-0.0733
173.44375,-41.7265625,-0.07464
173.453125,-41.7265625,-0.07599
173.4625,-41.7265625,-0.07733
173.471875,-41.7265625,-0.07778
173.48125,-41.7265625,-0.07842
173.490625,-41.7265625,-0.07881
173.5,-41.7265625,-0.07891
173.509375,-41.7265625,-0.0787
173.51875,-41.7265625,-0.07816
173.528125,-41.7265625,-0.07725
173.5375,-41.7265625,-0.07593
173.546875,-41.7265625,-0.07422
173.55625,-41.7265625,-0.07209
173.565625,-41.7265625,-0.06952
173.575,-41.7265625,-0.06649
173.584375,-41.7265625,-0.06298
173.59375,-41.7265625,-0.05897
173.603125,-41.7265625,-0.05445
173.6125,-41.7265625,-0.04938
173.209375,-41.71875,-0.01702
173.21875,-41.71875,-0.01928
173.228125,-41.71875,-0.02154
173.2375,-41.71875,-0.02381
173.246875,-41.71875,-0.0262
173.25625,-41.71875,-0.0286
173.265625,-41.71875,-0.031
173.275,-41.71875,-0.0334
173.284375,-41.71875,-0.03588
173.29375,-41.71875,-0.03835
173.303125,-41.71875,-0.04082
173.3125,-41.71875,-0.0433
173.321875,-41.71875,-0.04575
173.33125,-41.71875,-0.04821
173.340625,-41.71875,-0.05066
173.35,-41.71875,-0.05311
173.359375,-41.71875,-0.05541
173.36875,-41.71875,-0.05771
173.378125,-41.71875,-0.06
173.3875,-41.71875,-0.0623
173.396875,-41.71875,-0.06426
173.40625,-41.71875,-0.06622
173.415625,-41.71875,-0.06819
173.425,-41.71875,-0.07015
173.434375,-41.71875,-0.07154
173.44375,-41.71875,-0.07294
173.453125,-41.71875,-0.07434
173.4625,-41.71875,-0.07574
173.471875,-41.71875,-0.07629
173.48125,-41.71875,-0.07703
173.490625,-41.71875,-0.07755
173.5,-41.71875,-0.0778
173.509375,-41.71875,-0.07775
173.51875,-41.71875,-0.07738
173.528125,-41.71875,-0.07669
173.5375,-41.71875,-0.07559
173.546875,-41.71875,-0.07412
173.55625,-41.71875,-0.07226
173.565625,-41.71875,-0.06999
173.575,-41.71875,-0.06729
173.584375,-41.71875,-0.06413
173.59375,-41.71875,-0.06052
173.603125,-41.71875,-0.05641
173.6125,-41.71875,-0.05181
173.209375,-41.7109375,-0.01617
173.21875,-41.7109375,-0.01839
173.228125,-41.7109375,-0.02061
173.2375,-41.7109375,-0.02282
173.246875,-41.7109375,-0.02517
173.25625,-41.7109375,-0.02753
173.265625,-41.7109375,-0.02988
173.275,-41.7109375,-0.03223
173.284375,-41.7109375,-0.03466
173.29375,-41.7109375,-0.0371
173.303125,-41.7109375,-0.03953
173.3125,-41.7109375,-0.04196
173.321875,-41.7109375,-0.04437
173.33125,-41.7109375,-0.04679
173.340625,-41.7109375,-0.04921
173.35,-41.7109375,-0.05163
173.359375,-41.7109375,-0.0539
173.36875,-41.7109375,-0.05618
173.378125,-41.7109375,-0.05846
173.3875,-41.7109375,-0.06073
173.396875,-41.7109375,-0.0627
173.40625,-41.7109375,-0.06466
173.415625,-41.7109375,-0.06663
173.425,-41.7109375,-0.06859
173.434375,-41.7109375,-0.07003
173.44375,-41.7109375,-0.07147
173.453125,-41.7109375,-0.07291
173.4625,-41.7109375,-0.07434
173.471875,-41.7109375,-0.07499
173.48125,-41.7109375,-0.07564
173.490625,-41.7109375,-0.07633
173.5,-41.7109375,-0.07672
173.509375,-41.7109375,-0.07682
173.51875,-41.7109375,-0.07662
173.528125,-41.7109375,-0.0761
173.5375,-41.7109375,-0.07524
173.546875,-41.7109375,-0.074
173.55625,-41.7109375,-0.0724
173.565625,-41.7109375,-0.07041
173.575,-41.7109375,-0.06803
173.584375,-41.7109375,-0.06522
173.59375,-41.7109375,-0.06197
173.603125,-41.7109375,-0.05828
173.6125,-41.7109375,-0.05412
173.209375,-41.703125,-0.01532
173.21875,-41.703125,-0.01749
173.228125,-41.703125,-0.01967
173.2375,-41.703125,-0.02184
173.246875,-41.703125,-0.02414
173.25625,-41.703125,-0.02645
173.265625,-41.703125,-0.02876
173.275,-41.703125,-0.03107
173.284375,-41.703125,-0.03345
173.29375,-41.703125,-0.03584
173.303125,-41.703125,-0.03823
173.3125,-41.703125,-0.04062
173.321875,-41.703125,-0.043
173.33125,-41.703125,-0.04538
173.340625,-41.703125,-0.04776
173.35,-41.703125,-0.05014
173.359375,-41.703125,-0.0524
173.36875,-41.703125,-0.05465
173.378125,-41.703125,-0.05691
173.3875,-41.703125,-0.05917
173.396875,-41.703125,-0.06113
173.40625,-41.703125,-0.0631
173.415625,-41.703125,-0.06507
173.425,-41.703125,-0.06704
173.434375,-41.703125,-0.06852
173.44375,-41.703125,-0.07
173.453125,-41.703125,-0.07147
173.4625,-41.703125,-0.07295
173.471875,-41.703125,-0.07369
173.48125,-41.703125,-0.07444
173.490625,-41.703125,-0.07518
173.5,-41.703125,-0.0757
173.509375,-41.703125,-0.07593
173.51875,-41.703125,-0.07587
173.528125,-41.703125,-0.07552
173.5375,-41.703125,-0.07488
173.546875,-41.703125,-0.07386
173.55625,-41.703125,-0.07251
173.565625,-41.703125,-0.07079
173.575,-41.703125,-0.0687
173.584375,-41.703125,-0.06622
173.59375,-41.703125,-0.06333
173.603125,-41.703125,-0.06003
173.6125,-41.703125,-0.05629
173.209375,-41.6953125,-0.01447
173.21875,-41.6953125,-0.0166
173.228125,-41.6953125,-0.01873
173.2375,-41.6953125,-0.02085
173.246875,-41.6953125,-0.02311
173.25625,-41.6953125,-0.02537
173.265625,-41.6953125,-0.02764
173.275,-41.6953125,-0.0299
173.284375,-41.6953125,-0.03224
173.29375,-41.6953125,-0.03459
173.303125,-41.6953125,-0.03693
173.3125,-41.6953125,-0.03927
173.321875,-41.6953125,-0.04162
173.33125,-41.6953125,-0.04397
173.340625,-41.6953125,-0.04631
173.35,-41.6953125,-0.04866
173.359375,-41.6953125,-0.05089
173.36875,-41.6953125,-0.05313
173.378125,-41.6953125,-0.05536
173.3875,-41.6953125,-0.0576
173.396875,-41.6953125,-0.05957
173.40625,-41.6953125,-0.06154
173.415625,-41.6953125,-0.06351
173.425,-41.6953125,-0.06549
173.434375,-41.6953125,-0.067
173.44375,-41.6953125,-0.06852
173.453125,-41.6953125,-0.07004
173.4625,-41.6953125,-0.07156
173.471875,-41.6953125,-0.07239
173.48125,-41.6953125,-0.07323
173.490625,-41.6953125,-0.07406
173.5,-41.6953125,-0.07473
173.509375,-41.6953125,-0.07506
173.51875,-41.6953125,-0.07513
173.528125,-41.6953125,-0.07493
173.5375,-41.6953125,-0.07447
173.546875,-41.6953125,-0.0737
173.55625,-41.6953125,-0.07257
173.565625,-41.6953125,-0.07112
173.575,-41.6953125,-0.06931
173.584375,-41.6953125,-0.06714
173.59375,-41.6953125,-0.06459
173.603125,-41.6953125,-0.06165
173.6125,-41.6953125,-0.05831
173.209375,-41.6875,-0.01362
173.21875,-41.6875,-0.0157
173.228125,-41.6875,-0.01779
173.2375,-41.6875,-0.01987
173.246875,-41.6875,-0.02208
173.25625,-41.6875,-0.0243
173.265625,-41.6875,-0.02651
173.275,-41.6875,-0.02873
173.284375,-41.6875,-0.03103
173.29375,-41.6875,-0.03333
173.303125,-41.6875,-0.03563
173.3125,-41.6875,-0.03793
173.321875,-41.6875,-0.04024
173.33125,-41.6875,-0.04255
173.340625,-41.6875,-0.04486
173.35,-41.6875,-0.04717
173.359375,-41.6875,-0.04939
173.36875,-41.6875,-0.0516
173.378125,-41.6875,-0.05382
173.3875,-41.6875,-0.05603
173.396875,-41.6875,-0.05801
173.40625,-41.6875,-0.05998
173.415625,-41.6875,-0.06196
173.425,-41.6875,-0.06393
173.434375,-41.6875,-0.06549
173.44375,-41.6875,-0.06705
173.453125,-41.6875,-0.06861
173.4625,-41.6875,-0.07017
173.471875,-41.6875,-0.0711
173.48125,-41.6875,-0.07202
173.490625,-41.6875,-0.07295
173.5,-41.6875,-0.07388
173.509375,-41.6875,-0.07421
173.51875,-41.6875,-0.07437
173.528125,-41.6875,-0.07433
173.5375,-41.6875,-0.07403
173.546875,-41.6875,-0.07346
173.55625,-41.6875,-0.07259
173.565625,-41.6875,-0.07138
173.575,-41.6875,-0.06984
173.584375,-41.6875,-0.06797
173.59375,-41.6875,-0.06574
173.603125,-41.6875,-0.06315
173.6125,-41.6875,-0.06019
173.209375,-41.6796875,-0.01296
173.21875,-41.6796875,-0.015
173.228125,-41.6796875,-0.01704
173.2375,-41.6796875,-0.01908
173.246875,-41.6796875,-0.02126
173.25625,-41.6796875,-0.02343
173.265625,-41.6796875,-0.0256
173.275,-41.6796875,-0.02778
173.284375,-41.6796875,-0.03004
173.29375,-41.6796875,-0.0323
173.303125,-41.6796875,-0.03456
173.3125,-41.6796875,-0.03682
173.321875,-41.6796875,-0.0391
173.33125,-41.6796875,-0.04137
173.340625,-41.6796875,-0.04365
173.35,-41.6796875,-0.04593
173.359375,-41.6796875,-0.04812
173.36875,-41.6796875,-0.05031
173.378125,-41.6796875,-0.0525
173.3875,-41.6796875,-0.05469
173.396875,-41.6796875,-0.05666
173.40625,-41.6796875,-0.05863
173.415625,-41.6796875,-0.06061
173.425,-41.6796875,-0.06258
173.434375,-41.6796875,-0.06416
173.44375,-41.6796875,-0.06575
173.453125,-41.6796875,-0.06733
173.4625,-41.6796875,-0.06892
173.471875,-41.6796875,-0.06992
173.48125,-41.6796875,-0.07091
173.490625,-41.6796875,-0.07191
173.5,-41.6796875,-0.07291
173.509375,-41.6796875,-0.07329
173.51875,-41.6796875,-0.07358
173.528125,-41.6796875,-0.07369
173.5375,-41.6796875,-0.07357
173.546875,-41.6796875,-0.0732
173.55625,-41.6796875,-0.07256
173.565625,-41.6796875,-0.07158
173.575,-41.6796875,-0.0703
173.584375,-41.6796875,-0.0687
173.59375,-41.6796875,-0.06677
173.603125,-41.6796875,-0.06451
173.6125,-41.6796875,-0.0619
173.209375,-41.671875,-0.01229
173.21875,-41.671875,-0.0143
173.228125,-41.671875,-0.0163
173.2375,-41.671875,-0.0183
173.246875,-41.671875,-0.02043
173.25625,-41.671875,-0.02256
173.265625,-41.671875,-0.02469
173.275,-41.671875,-0.02683
173.284375,-41.671875,-0.02905
173.29375,-41.671875,-0.03127
173.303125,-41.671875,-0.03349
173.3125,-41.671875,-0.03571
173.321875,-41.671875,-0.03795
173.33125,-41.671875,-0.04019
173.340625,-41.671875,-0.04244
173.35,-41.671875,-0.04468
173.359375,-41.671875,-0.04685
173.36875,-41.671875,-0.04901
173.378125,-41.671875,-0.05118
173.3875,-41.671875,-0.05335
173.396875,-41.671875,-0.05532
173.40625,-41.671875,-0.05729
173.415625,-41.671875,-0.05926
173.425,-41.671875,-0.06123
173.434375,-41.671875,-0.06284
173.44375,-41.671875,-0.06445
173.453125,-41.671875,-0.06606
173.4625,-41.671875,-0.06767
173.471875,-41.671875,-0.06874
173.48125,-41.671875,-0.0698
173.490625,-41.671875,-0.07087
173.5,-41.671875,-0.07193
173.509375,-41.671875,-0.07224
173.51875,-41.671875,-0.07272
173.528125,-41.671875,-0.07301
173.5375,-41.671875,-0.07307
173.546875,-41.671875,-0.07288
173.55625,-41.671875,-0.07244
173.565625,-41.671875,-0.07171
173.575,-41.671875,-0.07067
173.584375,-41.671875,-0.06933
173.59375,-41.671875,-0.06769
173.603125,-41.671875,-0.06574
173.6125,-41.671875,-0.06346
173.209375,-41.6640625,-0.01163
173.21875,-41.6640625,-0.01359
173.228125,-41.6640625,-0.01555
173.2375,-41.6640625,-0.01751
173.246875,-41.6640625,-0.0196
173.25625,-41.6640625,-0.02169
173.265625,-41.6640625,-0.02379
173.275,-41.6640625,-0.02588
173.284375,-41.6640625,-0.02806
173.29375,-41.6640625,-0.03024
173.303125,-41.6640625,-0.03242
173.3125,-41.6640625,-0.0346
173.321875,-41.6640625,-0.03681
173.33125,-41.6640625,-0.03901
173.340625,-41.6640625,-0.04122
173.35,-41.6640625,-0.04343
173.359375,-41.6640625,-0.04557
173.36875,-41.6640625,-0.04772
173.378125,-41.6640625,-0.04986
173.3875,-41.6640625,-0.05201
173.396875,-41.6640625,-0.05398
173.40625,-41.6640625,-0.05594
173.415625,-41.6640625,-0.05791
173.425,-41.6640625,-0.05987
173.434375,-41.6640625,-0.06151
173.44375,-41.6640625,-0.06315
173.453125,-41.6640625,-0.06479
173.4625,-41.6640625,-0.06642
173.471875,-41.6640625,-0.06756
173.48125,-41.6640625,-0.06869
173.490625,-41.6640625,-0.06983
173.5,-41.6640625,-0.07096
173.509375,-41.6640625,-0.0714
173.51875,-41.6640625,-0.07183
173.528125,-41.6640625,-0.07233
173.5375,-41.6640625,-0.07256
173.546875,-41.6640625,-0.07253
173.55625,-41.6640625,-0.07226
173.565625,-41.6640625,-0.07174
173.575,-41.6640625,-0.07096
173.584375,-41.6640625,-0.06986
173.59375,-41.6640625,-0.06849
173.603125,-41.6640625,-0.06682
173.6125,-41.6640625,-0.06486
173.209375,-41.65625,-0.01097
173.21875,-41.65625,-0.01289
173.228125,-41.65625,-0.01481
173.2375,-41.65625,-0.01673
173.246875,-41.65625,-0.01878
173.25625,-41.65625,-0.02083
173.265625,-41.65625,-0.02288
173.275,-41.65625,-0.02493
173.284375,-41.65625,-0.02707
173.29375,-41.65625,-0.02921
173.303125,-41.65625,-0.03135
173.3125,-41.65625,-0.03349
173.321875,-41.65625,-0.03566
173.33125,-41.65625,-0.03783
173.340625,-41.65625,-0.04001
173.35,-41.65625,-0.04218
173.359375,-41.65625,-0.0443
173.36875,-41.65625,-0.04643
173.378125,-41.65625,-0.04855
173.3875,-41.65625,-0.05067
173.396875,-41.65625,-0.05263
173.40625,-41.65625,-0.05459
173.415625,-41.65625,-0.05656
173.425,-41.65625,-0.05852
173.434375,-41.65625,-0.06018
173.44375,-41.65625,-0.06185
173.453125,-41.65625,-0.06351
173.4625,-41.65625,-0.06518
173.471875,-41.65625,-0.06638
173.48125,-41.65625,-0.06758
173.490625,-41.65625,-0.06879
173.5,-41.65625,-0.06999
173.509375,-41.65625,-0.07055
173.51875,-41.65625,-0.07111
173.528125,-41.65625,-0.07167
173.5375,-41.65625,-0.07203
173.546875,-41.65625,-0.07215
173.55625,-41.65625,-0.07204
173.565625,-41.65625,-0.0717
173.575,-41.65625,-0.07112
173.584375,-41.65625,-0.0703
173.59375,-41.65625,-0.06917
173.603125,-41.65625,-0.06778
173.6125,-41.65625,-0.06611
173.209375,-41.6484375,-0.01046
173.21875,-41.6484375,-0.01234
173.228125,-41.6484375,-0.01423
173.2375,-41.6484375,-0.01611
173.246875,-41.6484375,-0.01812
173.25625,-41.6484375,-0.02014
173.265625,-41.6484375,-0.02215
173.275,-41.6484375,-0.02416
173.284375,-41.6484375,-0.02627
173.29375,-41.6484375,-0.02837
173.303125,-41.6484375,-0.03047
173.3125,-41.6484375,-0.03258
173.321875,-41.6484375,-0.03472
173.33125,-41.6484375,-0.03686
173.340625,-41.6484375,-0.039
173.35,-41.6484375,-0.04113
173.359375,-41.6484375,-0.04323
173.36875,-41.6484375,-0.04533
173.378125,-41.6484375,-0.04743
173.3875,-41.6484375,-0.04952
173.396875,-41.6484375,-0.05148
173.40625,-41.6484375,-0.05343
173.415625,-41.6484375,-0.05538
173.425,-41.6484375,-0.05733
173.434375,-41.6484375,-0.05901
173.44375,-41.6484375,-0.06069
173.453125,-41.6484375,-0.06237
173.4625,-41.6484375,-0.06405
173.471875,-41.6484375,-0.0653
173.48125,-41.6484375,-0.06655
173.490625,-41.6484375,-0.0678
173.5,-41.6484375,-0.06905
173.509375,-41.6484375,-0.0697
173.51875,-41.6484375,-0.07035
173.528125,-41.6484375,-0.071
173.5375,-41.6484375,-0.07152
173.546875,-41.6484375,-0.07174
173.55625,-41.6484375,-0.07177
173.565625,-41.6484375,-0.0716
173.575,-41.6484375,-0.07121
173.584375,-41.6484375,-0.0706
173.59375,-41.6484375,-0.06974
173.603125,-41.6484375,-0.0686
173.6125,-41.6484375,-0.0672
173.209375,-41.640625,-0.00996
173.21875,-41.640625,-0.0118
173.228125,-41.640625,-0.01365
173.2375,-41.640625,-0.0155
173.246875,-41.640625,-0.01747
173.25625,-41.640625,-0.01945
173.265625,-41.640625,-0.02142
173.275,-41.640625,-0.0234
173.284375,-41.640625,-0.02546
173.29375,-41.640625,-0.02753
173.303125,-41.640625,-0.0296
173.3125,-41.640625,-0.03166
173.321875,-41.640625,-0.03377
173.33125,-41.640625,-0.03588
173.340625,-41.640625,-0.03798
173.35,-41.640625,-0.04009
173.359375,-41.640625,-0.04216
173.36875,-41.640625,-0.04423
173.378125,-41.640625,-0.04631
173.3875,-41.640625,-0.04838
173.396875,-41.640625,-0.05032
173.40625,-41.640625,-0.05226
173.415625,-41.640625,-0.05421
173.425,-41.640625,-0.05615
173.434375,-41.640625,-0.05784
173.44375,-41.640625,-0.05953
173.453125,-41.640625,-0.06122
173.4625,-41.640625,-0.06291
173.471875,-41.640625,-0.06421
173.48125,-41.640625,-0.06551
173.490625,-41.640625,-0.0668
173.5,-41.640625,-0.0681
173.509375,-41.640625,-0.06884
173.51875,-41.640625,-0.06959
173.528125,-41.640625,-0.07033
173.5375,-41.640625,-0.07107
173.546875,-41.640625,-0.07129
173.55625,-41.640625,-0.07144
173.565625,-41.640625,-0.07143
173.575,-41.640625,-0.07122
173.584375,-41.640625,-0.0708
173.59375,-41.640625,-0.07016
173.603125,-41.640625,-0.06929
173.6125,-41.640625,-0.06815
173.209375,-41.6328125,-0.00945
173.21875,-41.6328125,-0.01126
173.228125,-41.6328125,-0.01307
173.2375,-41.6328125,-0.01489
173.246875,-41.6328125,-0.01682
173.25625,-41.6328125,-0.01876
173.265625,-41.6328125,-0.0207
173.275,-41.6328125,-0.02263
173.284375,-41.6328125,-0.02466
173.29375,-41.6328125,-0.02669
173.303125,-41.6328125,-0.02872
173.3125,-41.6328125,-0.03075
173.321875,-41.6328125,-0.03282
173.33125,-41.6328125,-0.0349
173.340625,-41.6328125,-0.03697
173.35,-41.6328125,-0.03904
173.359375,-41.6328125,-0.04109
173.36875,-41.6328125,-0.04314
173.378125,-41.6328125,-0.04519
173.3875,-41.6328125,-0.04723
173.396875,-41.6328125,-0.04917
173.40625,-41.6328125,-0.0511
173.415625,-41.6328125,-0.05303
173.425,-41.6328125,-0.05496
173.434375,-41.6328125,-0.05667
173.44375,-41.6328125,-0.05837
173.453125,-41.6328125,-0.06008
173.4625,-41.6328125,-0.06178
173.471875,-41.6328125,-0.06313
173.48125,-41.6328125,-0.06447
173.490625,-41.6328125,-0.06581
173.5,-41.6328125,-0.06716
173.509375,-41.6328125,-0.06799
173.51875,-41.6328125,-0.06883
173.528125,-41.6328125,-0.06966
173.5375,-41.6328125,-0.07049
173.546875,-41.6328125,-0.07067
173.55625,-41.6328125,-0.07102
173.565625,-41.6328125,-0.07118
173.575,-41.6328125,-0.07115
173.584375,-41.6328125,-0.07092
173.59375,-41.6328125,-0.07048
173.603125,-41.6328125,-0.06982
173.6125,-41.6328125,-0.06895
173.209375,-41.625,-0.00894
173.21875,-41.625,-0.01072
173.228125,-41.625,-0.0125
173.2375,-41.625,-0.01427
173.246875,-41.625,-0.01617
173.25625,-41.625,-0.01807
173.265625,-41.625,-0.01997
173.275,-41.625,-0.02187
173.284375,-41.625,-0.02386
173.29375,-41.625,-0.02586
173.303125,-41.625,-0.02785
173.3125,-41.625,-0.02984
173.321875,-41.625,-0.03188
173.33125,-41.625,-0.03392
173.340625,-41.625,-0.03596
173.35,-41.625,-0.038
173.359375,-41.625,-0.04002
173.36875,-41.625,-0.04204
173.378125,-41.625,-0.04407
173.3875,-41.625,-0.04609
173.396875,-41.625,-0.04801
173.40625,-41.625,-0.04993
173.415625,-41.625,-0.05186
173.425,-41.625,-0.05378
173.434375,-41.625,-0.0555
173.44375,-41.625,-0.05722
173.453125,-41.625,-0.05893
173.4625,-41.625,-0.06065
173.471875,-41.625,-0.06204
173.48125,-41.625,-0.06343
173.490625,-41.625,-0.06482
173.5,-41.625,-0.06621
173.509375,-41.625,-0.06714
173.51875,-41.625,-0.06806
173.528125,-41.625,-0.06899
173.5375,-41.625,-0.06992
173.546875,-41.625,-0.07024
173.55625,-41.625,-0.07057
173.565625,-41.625,-0.07088
173.575,-41.625,-0.07103
173.584375,-41.625,-0.07096
173.59375,-41.625,-0.0707
173.603125,-41.625,-0.07024
173.6125,-41.625,-0.06958
173.209375,-41.6171875,-0.00858
173.21875,-41.6171875,-0.01032
173.228125,-41.6171875,-0.01206
173.2375,-41.6171875,-0.01381
173.246875,-41.6171875,-0.01567
173.25625,-41.6171875,-0.01754
173.265625,-41.6171875,-0.0194
173.275,-41.6171875,-0.02127
173.284375,-41.6171875,-0.02323
173.29375,-41.6171875,-0.02518
173.303125,-41.6171875,-0.02714
173.3125,-41.6171875,-0.0291
173.321875,-41.6171875,-0.03111
173.33125,-41.6171875,-0.03311
173.340625,-41.6171875,-0.03512
173.35,-41.6171875,-0.03713
173.359375,-41.6171875,-0.03913
173.36875,-41.6171875,-0.04112
173.378125,-41.6171875,-0.04312
173.3875,-41.6171875,-0.04512
173.396875,-41.6171875,-0.04702
173.40625,-41.6171875,-0.04893
173.415625,-41.6171875,-0.05084
173.425,-41.6171875,-0.05275
173.434375,-41.6171875,-0.05447
173.44375,-41.6171875,-0.05619
173.453125,-41.6171875,-0.05791
173.4625,-41.6171875,-0.05963
173.471875,-41.6171875,-0.06104
173.48125,-41.6171875,-0.06246
173.490625,-41.6171875,-0.06388
173.5,-41.6171875,-0.0653
173.509375,-41.6171875,-0.06628
173.51875,-41.6171875,-0.06727
173.528125,-41.6171875,-0.06826
173.5375,-41.6171875,-0.06925
173.546875,-41.6171875,-0.06968
173.55625,-41.6171875,-0.07011
173.565625,-41.6171875,-0.07054
173.575,-41.6171875,-0.07086
173.584375,-41.6171875,-0.07092
173.59375,-41.6171875,-0.07082
173.603125,-41.6171875,-0.07054
173.6125,-41.6171875,-0.07009
173.209375,-41.609375,-0.00821
173.21875,-41.609375,-0.00992
173.228125,-41.609375,-0.01163
173.2375,-41.609375,-0.01334
173.246875,-41.609375,-0.01517
173.25625,-41.609375,-0.017
173.265625,-41.609375,-0.01883
173.275,-41.609375,-0.02066
173.284375,-41.609375,-0.02259
173.29375,-41.609375,-0.02451
173.303125,-41.609375,-0.02643
173.3125,-41.609375,-0.02836
173.321875,-41.609375,-0.03033
173.33125,-41.609375,-0.03231
173.340625,-41.609375,-0.03428
173.35,-41.609375,-0.03626
173.359375,-41.609375,-0.03823
173.36875,-41.609375,-0.0402
173.378125,-41.609375,-0.04217
173.3875,-41.609375,-0.04414
173.396875,-41.609375,-0.04604
173.40625,-41.609375,-0.04793
173.415625,-41.609375,-0.04982
173.425,-41.609375,-0.05171
173.434375,-41.609375,-0.05344
173.44375,-41.609375,-0.05516
173.453125,-41.609375,-0.05688
173.4625,-41.609375,-0.0586
173.471875,-41.609375,-0.06005
173.48125,-41.609375,-0.06149
173.490625,-41.609375,-0.06294
173.5,-41.609375,-0.06438
173.509375,-41.609375,-0.06543
173.51875,-41.609375,-0.06648
173.528125,-41.609375,-0.06753
173.5375,-41.609375,-0.06858
173.546875,-41.609375,-0.06911
173.55625,-41.609375,-0.06965
173.565625,-41.609375,-0.07018
173.575,-41.609375,-0.07072
173.584375,-41.609375,-0.07081
173.59375,-41.609375,-0.07085
173.603125,-41.609375,-0.07074
173.6125,-41.609375,-0.07047
173.209375,-41.6015625,-0.00784
173.21875,-41.6015625,-0.00952
173.228125,-41.6015625,-0.01119
173.2375,-41.6015625,-0.01287
173.246875,-41.6015625,-0.01467
173.25625,-41.6015625,-0.01647
173.265625,-41.6015625,-0.01826
173.275,-41.6015625,-0.02006
173.284375,-41.6015625,-0.02195
173.29375,-41.6015625,-0.02384
173.303125,-41.6015625,-0.02573
173.3125,-41.6015625,-0.02762
173.321875,-41.6015625,-0.02956
173.33125,-41.6015625,-0.0315
173.340625,-41.6015625,-0.03345
173.35,-41.6015625,-0.03539
173.359375,-41.6015625,-0.03734
173.36875,-41.6015625,-0.03928
173.378125,-41.6015625,-0.04122
173.3875,-41.6015625,-0.04317
173.396875,-41.6015625,-0.04505
173.40625,-41.6015625,-0.04692
173.415625,-41.6015625,-0.0488
173.425,-41.6015625,-0.05068
173.434375,-41.6015625,-0.0524
173.44375,-41.6015625,-0.05413
173.453125,-41.6015625,-0.05585
173.4625,-41.6015625,-0.05758
173.471875,-41.6015625,-0.05905
173.48125,-41.6015625,-0.06052
173.490625,-41.6015625,-0.062
173.5,-41.6015625,-0.06347
173.509375,-41.6015625,-0.06458
173.51875,-41.6015625,-0.06569
173.528125,-41.6015625,-0.0668
173.5375,-41.6015625,-0.06791
173.546875,-41.6015625,-0.06855
173.55625,-41.6015625,-0.06919
173.565625,-41.6015625,-0.06983
173.575,-41.6015625,-0.07046
173.584375,-41.6015625,-0.07053
173.59375,-41.6015625,-0.07078
173.603125,-41.6015625,-0.07084
173.6125,-41.6015625,-0.07073
173.209375,-41.59375,-0.00747
173.21875,-41.59375,-0.00911
173.228125,-41.59375,-0.01076
173.2375,-41.59375,-0.01241
173.246875,-41.59375,-0.01417
173.25625,-41.59375,-0.01593
173.265625,-41.59375,-0.0177
173.275,-41.59375,-0.01946
173.284375,-41.59375,-0.02131
173.29375,-41.59375,-0.02317
173.303125,-41.59375,-0.02502
173.3125,-41.59375,-0.02688
173.321875,-41.59375,-0.02879
173.33125,-41.59375,-0.0307
173.340625,-41.59375,-0.03261
173.35,-41.59375,-0.03452
173.359375,-41.59375,-0.03644
173.36875,-41.59375,-0.03836
173.378125,-41.59375,-0.04028
173.3875,-41.59375,-0.0422
173.396875,-41.59375,-0.04406
173.40625,-41.59375,-0.04592
173.415625,-41.59375,-0.04778
173.425,-41.59375,-0.04965
173.434375,-41.59375,-0.05137
173.44375,-41.59375,-0.0531
173.453125,-41.59375,-0.05483
173.4625,-41.59375,-0.05655
173.471875,-41.59375,-0.05805
173.48125,-41.59375,-0.05955
173.490625,-41.59375,-0.06105
173.5,-41.59375,-0.06255
173.509375,-41.59375,-0.06373
173.51875,-41.59375,-0.0649
173.528125,-41.59375,-0.06607
173.5375,-41.59375,-0.06724
173.546875,-41.59375,-0.06799
173.55625,-41.59375,-0.06873
173.565625,-41.59375,-0.06947
173.575,-41.59375,-0.07021
173.584375,-41.59375,-0.07044
173.59375,-41.59375,-0.07066
173.603125,-41.59375,-0.07085
173.6125,-41.59375,-0.0709
173.209375,-41.5859375,-0.00721
173.21875,-41.5859375,-0.00883
173.228125,-41.5859375,-0.01045
173.2375,-41.5859375,-0.01207
173.246875,-41.5859375,-0.0138
173.25625,-41.5859375,-0.01553
173.265625,-41.5859375,-0.01726
173.275,-41.5859375,-0.01899
173.284375,-41.5859375,-0.02082
173.29375,-41.5859375,-0.02264
173.303125,-41.5859375,-0.02446
173.3125,-41.5859375,-0.02628
173.321875,-41.5859375,-0.02817
173.33125,-41.5859375,-0.03005
173.340625,-41.5859375,-0.03193
173.35,-41.5859375,-0.03381
173.359375,-41.5859375,-0.0357
173.36875,-41.5859375,-0.03759
173.378125,-41.5859375,-0.03948
173.3875,-41.5859375,-0.04138
173.396875,-41.5859375,-0.04322
173.40625,-41.5859375,-0.04506
173.415625,-41.5859375,-0.04691
173.425,-41.5859375,-0.04875
173.434375,-41.5859375,-0.05047
173.44375,-41.5859375,-0.05219
173.453125,-41.5859375,-0.05392
173.4625,-41.5859375,-0.05564
173.471875,-41.5859375,-0.05715
173.48125,-41.5859375,-0.05866
173.490625,-41.5859375,-0.06017
173.5,-41.5859375,-0.06169
173.509375,-41.5859375,-0.0629
173.51875,-41.5859375,-0.06411
173.528125,-41.5859375,-0.06532
173.5375,-41.5859375,-0.06653
173.546875,-41.5859375,-0.06734
173.55625,-41.5859375,-0.06815
173.565625,-41.5859375,-0.06896
173.575,-41.5859375,-0.06978
173.584375,-41.5859375,-0.07011
173.59375,-41.5859375,-0.07044
173.603125,-41.5859375,-0.07077
173.6125,-41.5859375,-0.071
173.209375,-41.578125,-0.00696
173.21875,-41.578125,-0.00855
173.228125,-41.578125,-0.01014
173.2375,-41.578125,-0.01172
173.246875,-41.578125,-0.01343
173.25625,-41.578125,-0.01513
173.265625,-41.578125,-0.01683
173.275,-41.578125,-0.01853
173.284375,-41.578125,-0.02032
173.29375,-41.578125,-0.02211
173.303125,-41.578125,-0.0239
173.3125,-41.578125,-0.02569
173.321875,-41.578125,-0.02754
173.33125,-41.578125,-0.02939
173.340625,-41.578125,-0.03124
173.35,-41.578125,-0.03309
173.359375,-41.578125,-0.03496
173.36875,-41.578125,-0.03682
173.378125,-41.578125,-0.03869
173.3875,-41.578125,-0.04056
173.396875,-41.578125,-0.04238
173.40625,-41.578125,-0.04421
173.415625,-41.578125,-0.04603
173.425,-41.578125,-0.04786
173.434375,-41.578125,-0.04957
173.44375,-41.578125,-0.05129
173.453125,-41.578125,-0.053
173.4625,-41.578125,-0.05472
173.471875,-41.578125,-0.05624
173.48125,-41.578125,-0.05777
173.490625,-41.578125,-0.05929
173.5,-41.578125,-0.06082
173.509375,-41.578125,-0.06207
173.51875,-41.578125,-0.06332
173.528125,-41.578125,-0.06456
173.5375,-41.578125,-0.06581
173.546875,-41.578125,-0.06669
173.55625,-41.578125,-0.06757
173.565625,-41.578125,-0.06846
173.575,-41.578125,-0.06934
173.584375,-41.578125,-0.06978
173.59375,-41.578125,-0.07022
173.603125,-41.578125,-0.07066
173.6125,-41.578125,-0.07109
