lon,lat,de,dn
173.47421875,-42.26953125,1.23663,0.03606
173.4765625,-42.26953125,1.24626,0.03187
173.47890625,-42.26953125,1.2559,0.02768
173.48125,-42.26953125,1.26553,0.02348
173.48359375,-42.26953125,1.27582,0.01841
173.4859375,-42.26953125,1.28611,0.01333
173.48828125,-42.26953125,1.29641,0.00826
173.490625,-42.26953125,1.3067,0.00319
173.49296875,-42.26953125,1.31769,-0.00274
173.4953125,-42.26953125,1.32867,-0.00867
173.49765625,-42.26953125,1.33966,-0.0146
173.5,-42.26953125,1.35065,-0.02052
173.50234375,-42.26953125,1.36237,-0.02722
173.5046875,-42.26953125,1.37408,-0.03392
173.50703125,-42.26953125,1.3858,-0.04063
173.509375,-42.26953125,1.39785,-0.0473
173.51171875,-42.26953125,1.4102,-0.05434
173.5140625,-42.26953125,1.42276,-0.06146
173.51640625,-42.26953125,1.43543,-0.06875
173.51875,-42.26953125,1.44825,-0.07619
173.52109375,-42.26953125,1.46127,-0.08378
173.47421875,-42.267578125,1.25271,0.03354
173.4765625,-42.267578125,1.26254,0.02949
173.47890625,-42.267578125,1.27238,0.02544
173.48125,-42.267578125,1.28222,0.02138
173.48359375,-42.267578125,1.29275,0.0165
173.4859375,-42.267578125,1.30328,0.01161
173.48828125,-42.267578125,1.3138,0.00673
173.490625,-42.267578125,1.32433,0.00184
173.49296875,-42.267578125,1.33557,-0.00384
173.4953125,-42.267578125,1.34682,-0.00952
173.49765625,-42.267578125,1.35807,-0.0152
173.5,-42.267578125,1.36931,-0.02088
173.50234375,-42.267578125,1.38131,-0.02728
173.5046875,-42.267578125,1.3933,-0.03368
173.50703125,-42.267578125,1.4053,-0.04008
173.509375,-42.267578125,1.4173,-0.04647
173.51171875,-42.267578125,1.43007,-0.05345
173.5140625,-42.267578125,1.44305,-0.06007
173.51640625,-42.267578125,1.456,-0.06696
173.51875,-42.267578125,1.46902,-0.07401
173.52109375,-42.267578125,1.48229,-0.08124
173.47421875,-42.265625,1.26878,0.03103
173.4765625,-42.265625,1.27882,0.02711
173.47890625,-42.265625,1.28887,0.0232
173.48125,-42.265625,1.29892,0.01928
173.48359375,-42.265625,1.30968,0.01459
173.4859375,-42.265625,1.32044,0.00989
173.48828125,-42.265625,1.3312,0.0052
173.490625,-42.265625,1.34195,0.0005
173.49296875,-42.265625,1.35346,-0.00493
173.4953125,-42.265625,1.36496,-0.01037
173.49765625,-42.265625,1.37647,-0.01581
173.5,-42.265625,1.38797,-0.02125
173.50234375,-42.265625,1.40025,-0.02734
173.5046875,-42.265625,1.41253,-0.03343
173.50703125,-42.265625,1.4248,-0.03953
173.509375,-42.265625,1.43708,-0.04562
173.51171875,-42.265625,1.45015,-0.05223
173.5140625,-42.265625,1.46322,-0.05883
173.51640625,-42.265625,1.47629,-0.06544
173.51875,-42.265625,1.48936,-0.07204
173.52109375,-42.265625,1.5028,-0.07907
173.47421875,-42.263671875,1.28426,0.02808
173.4765625,-42.263671875,1.29448,0.02427
173.47890625,-42.263671875,1.30469,0.02046
173.48125,-42.263671875,1.31491,0.01666
173.48359375,-42.263671875,1.32586,0.01211
173.4859375,-42.263671875,1.33681,0.00757
173.48828125,-42.263671875,1.34775,0.00303
173.490625,-42.263671875,1.3587,-0.00152
173.49296875,-42.263671875,1.37041,-0.00675
173.4953125,-42.263671875,1.38211,-0.01199
173.49765625,-42.263671875,1.39382,-0.01723
173.5,-42.263671875,1.40552,-0.02247
173.50234375,-42.263671875,1.41801,-0.02831
173.5046875,-42.263671875,1.43049,-0.03415
173.50703125,-42.263671875,1.44298,-0.03998
173.509375,-42.263671875,1.45546,-0.04582
173.51171875,-42.263671875,1.46875,-0.05211
173.5140625,-42.263671875,1.48203,-0.0584
173.51640625,-42.263671875,1.49531,-0.06469
173.51875,-42.263671875,1.50859,-0.07097
173.52109375,-42.263671875,1.52266,-0.07744
173.47421875,-42.26171875,1.29973,0.02513
173.4765625,-42.26171875,1.31013,0.02143
173.47890625,-42.26171875,1.32052,0.01773
173.48125,-42.26171875,1.33091,0.01403
173.48359375,-42.26171875,1.34204,0.00964
173.4859375,-42.26171875,1.35318,0.00525
173.48828125,-42.26171875,1.36431,0.00086
173.490625,-42.26171875,1.37544,-0.00354
173.49296875,-42.26171875,1.38735,-0.00857
173.4953125,-42.26171875,1.39926,-0.01361
173.49765625,-42.26171875,1.41116,-0.01865
173.5,-42.26171875,1.42307,-0.02369
173.50234375,-42.26171875,1.43577,-0.02927
173.5046875,-42.26171875,1.44846,-0.03486
173.50703125,-42.26171875,1.46116,-0.04044
173.509375,-42.26171875,1.47385,-0.04603
173.51171875,-42.26171875,1.48735,-0.052
173.5140625,-42.26171875,1.50084,-0.05797
173.51640625,-42.26171875,1.51434,-0.06394
173.51875,-42.26171875,1.52783,-0.06991
173.52109375,-42.26171875,1.54211,-0.07599
173.47421875,-42.259765625,1.31521,0.02218
173.4765625,-42.259765625,1.32578,0.01859
173.47890625,-42.259765625,1.33634,0.015
173.48125,-42.259765625,1.34691,0.01141
173.48359375,-42.259765625,1.35823,0.00717
173.4859375,-42.259765625,1.36955,0.00293
173.48828125,-42.259765625,1.38087,-0.00132
173.490625,-42.259765625,1.39219,-0.00556
173.49296875,-42.259765625,1.4043,-0.01039
173.4953125,-42.259765625,1.4164,-0.01523
173.49765625,-42.259765625,1.42851,-0.02007
173.5,-42.259765625,1.44062,-0.02491
173.50234375,-42.259765625,1.45352,-0.03024
173.5046875,-42.259765625,1.46643,-0.03557
173.50703125,-42.259765625,1.47933,-0.0409
173.509375,-42.259765625,1.49224,-0.04623
173.51171875,-42.259765625,1.50594,-0.05188
173.5140625,-42.259765625,1.51965,-0.05753
173.51640625,-42.259765625,1.53336,-0.06319
173.51875,-42.259765625,1.54707,-0.06884
173.52109375,-42.259765625,1.56155,-0.07453
173.47421875,-42.2578125,1.33069,0.01923
173.4765625,-42.2578125,1.34143,0.01574
173.47890625,-42.2578125,1.35216,0.01226
173.48125,-42.2578125,1.3629,0.00878
173.48359375,-42.2578125,1.37441,0.00469
173.4859375,-42.2578125,1.38592,0.0006
173.48828125,-42.2578125,1.39743,-0.00349
173.490625,-42.2578125,1.40894,-0.00758
173.49296875,-42.2578125,1.42124,-0.01222
173.4953125,-42.2578125,1.43355,-0.01685
173.49765625,-42.2578125,1.44586,-0.02149
173.5,-42.2578125,1.45817,-0.02613
173.50234375,-42.2578125,1.47128,-0.03121
173.5046875,-42.2578125,1.4844,-0.03628
173.50703125,-42.2578125,1.49751,-0.04136
173.509375,-42.2578125,1.51062,-0.04643
173.51171875,-42.2578125,1.52454,-0.05177
173.5140625,-42.2578125,1.53847,-0.0571
173.51640625,-42.2578125,1.55239,-0.06244
173.51875,-42.2578125,1.56631,-0.06777
173.52109375,-42.2578125,1.581,-0.07308
173.47421875,-42.255859375,1.34522,0.01583
173.4765625,-42.255859375,1.35609,0.01243
173.47890625,-42.255859375,1.36696,0.00903
173.48125,-42.255859375,1.37782,0.00563
173.48359375,-42.255859375,1.38947,0.00166
173.4859375,-42.255859375,1.40112,-0.00232
173.48828125,-42.255859375,1.41276,-0.00629
173.490625,-42.255859375,1.42441,-0.01026
173.49296875,-42.255859375,1.43686,-0.01474
173.4953125,-42.255859375,1.44931,-0.01922
173.49765625,-42.255859375,1.46176,-0.0237
173.5,-42.255859375,1.47421,-0.02818
173.50234375,-42.255859375,1.48748,-0.03305
173.5046875,-42.255859375,1.50074,-0.03791
173.50703125,-42.255859375,1.514,-0.04278
173.509375,-42.255859375,1.52726,-0.04764
173.51171875,-42.255859375,1.54134,-0.05271
173.5140625,-42.255859375,1.55541,-0.05778
173.51640625,-42.255859375,1.56948,-0.06285
173.51875,-42.255859375,1.58355,-0.06792
173.52109375,-42.255859375,1.5984,-0.0729
173.47421875,-42.25390625,1.35975,0.01244
173.4765625,-42.25390625,1.37075,0.00912
173.47890625,-42.25390625,1.38175,0.0058
173.48125,-42.25390625,1.39275,0.00248
173.48359375,-42.25390625,1.40453,-0.00138
173.4859375,-42.25390625,1.41631,-0.00523
173.48828125,-42.25390625,1.4281,-0.00909
173.490625,-42.25390625,1.43988,-0.01295
173.49296875,-42.25390625,1.45248,-0.01727
173.4953125,-42.25390625,1.46507,-0.02159
173.49765625,-42.25390625,1.47767,-0.02591
173.5,-42.25390625,1.49026,-0.03023
173.50234375,-42.25390625,1.50367,-0.03488
173.5046875,-42.25390625,1.51708,-0.03954
173.50703125,-42.25390625,1.5305,-0.0442
173.509375,-42.25390625,1.54391,-0.04885
173.51171875,-42.25390625,1.55813,-0.05365
173.5140625,-42.25390625,1.57235,-0.05846
173.51640625,-42.25390625,1.58658,-0.06326
173.51875,-42.25390625,1.6008,-0.06806
173.52109375,-42.25390625,1.6158,-0.07271
173.47421875,-42.251953125,1.37428,0.00905
173.4765625,-42.251953125,1.38541,0.00581
173.47890625,-42.251953125,1.39654,0.00257
173.48125,-42.251953125,1.40767,-0.00068
173.48359375,-42.251953125,1.41959,-0.00441
173.4859375,-42.251953125,1.43151,-0.00815
173.48828125,-42.251953125,1.44343,-0.01189
173.490625,-42.251953125,1.45535,-0.01563
173.49296875,-42.251953125,1.46809,-0.01979
173.4953125,-42.251953125,1.48083,-0.02395
173.49765625,-42.251953125,1.49357,-0.02811
173.5,-42.251953125,1.50631,-0.03227
173.50234375,-42.251953125,1.51987,-0.03672
173.5046875,-42.251953125,1.53343,-0.04117
173.50703125,-42.251953125,1.54699,-0.04562
173.509375,-42.251953125,1.56055,-0.05006
173.51171875,-42.251953125,1.57492,-0.0546
173.5140625,-42.251953125,1.5893,-0.05914
173.51640625,-42.251953125,1.60367,-0.06367
173.51875,-42.251953125,1.61805,-0.06821
173.52109375,-42.251953125,1.6332,-0.07253
173.47421875,-42.25,1.38881,0.00565
173.4765625,-42.25,1.40007,0.00249
173.47890625,-42.25,1.41133,-0.00067
173.48125,-42.25,1.42259,-0.00383
173.48359375,-42.25,1.43465,-0.00745
173.4859375,-42.25,1.44671,-0.01107
173.48828125,-42.25,1.45877,-0.01469
173.490625,-42.25,1.47083,-0.01832
173.49296875,-42.25,1.48371,-0.02232
173.4953125,-42.25,1.49659,-0.02632
173.49765625,-42.25,1.50948,-0.03032
173.5,-42.25,1.52236,-0.03432
173.50234375,-42.25,1.53607,-0.03856
173.5046875,-42.25,1.54977,-0.0428
173.50703125,-42.25,1.56348,-0.04704
173.509375,-42.25,1.57719,-0.05127
173.51171875,-42.25,1.59171,-0.05554
173.5140625,-42.25,1.60624,-0.05981
173.51640625,-42.25,1.62077,-0.06408
173.51875,-42.25,1.63529,-0.06835
173.52109375,-42.25,1.6506,-0.07235
173.47421875,-42.248046875,1.40214,0.00191
173.4765625,-42.248046875,1.41349,-0.0012
173.47890625,-42.248046875,1.42483,-0.0043
173.48125,-42.248046875,1.43618,-0.00741
173.48359375,-42.248046875,1.44832,-0.01094
173.4859375,-42.248046875,1.46047,-0.01448
173.48828125,-42.248046875,1.47261,-0.01801
173.490625,-42.248046875,1.48476,-0.02155
173.49296875,-42.248046875,1.49773,-0.02543
173.4953125,-42.248046875,1.5107,-0.02931
173.49765625,-42.248046875,1.52367,-0.03319
173.5,-42.248046875,1.53664,-0.03707
173.50234375,-42.248046875,1.55044,-0.04114
173.5046875,-42.248046875,1.56424,-0.04521
173.50703125,-42.248046875,1.57804,-0.04929
173.509375,-42.248046875,1.59184,-0.05336
173.51171875,-42.248046875,1.60646,-0.05742
173.5140625,-42.248046875,1.62108,-0.06148
173.51640625,-42.248046875,1.63571,-0.06553
173.51875,-42.248046875,1.65033,-0.06959
173.52109375,-42.248046875,1.66575,-0.07332
173.47421875,-42.24609375,1.41548,-0.00184
173.4765625,-42.24609375,1.4269,-0.00489
173.47890625,-42.24609375,1.43833,-0.00794
173.48125,-42.24609375,1.44976,-0.01099
173.48359375,-42.24609375,1.46199,-0.01444
173.4859375,-42.24609375,1.47422,-0.01789
173.48828125,-42.24609375,1.48645,-0.02134
173.490625,-42.24609375,1.49868,-0.02478
173.49296875,-42.24609375,1.51174,-0.02854
173.4953125,-42.24609375,1.5248,-0.0323
173.49765625,-42.24609375,1.53786,-0.03605
173.5,-42.24609375,1.55092,-0.03981
173.50234375,-42.24609375,1.56481,-0.04372
173.5046875,-42.24609375,1.5787,-0.04763
173.50703125,-42.24609375,1.59259,-0.05154
173.509375,-42.24609375,1.60648,-0.05545
173.51171875,-42.24609375,1.6212,-0.05929
173.5140625,-42.24609375,1.63592,-0.06314
173.51640625,-42.24609375,1.65065,-0.06699
173.51875,-42.24609375,1.66537,-0.07083
173.52109375,-42.24609375,1.68089,-0.0743
173.47421875,-42.244140625,1.42881,-0.00559
173.4765625,-42.244140625,1.44032,-0.00858
173.47890625,-42.244140625,1.45183,-0.01158
173.48125,-42.244140625,1.46334,-0.01457
173.48359375,-42.244140625,1.47566,-0.01793
173.4859375,-42.244140625,1.48798,-0.02129
173.48828125,-42.244140625,1.5003,-0.02466
173.490625,-42.244140625,1.51261,-0.02802
173.49296875,-42.244140625,1.52576,-0.03165
173.4953125,-42.244140625,1.53891,-0.03529
173.49765625,-42.244140625,1.55206,-0.03892
173.5,-42.244140625,1.5652,-0.04255
173.50234375,-42.244140625,1.57919,-0.0463
173.5046875,-42.244140625,1.59317,-0.05004
173.50703125,-42.244140625,1.60715,-0.05379
173.509375,-42.244140625,1.62113,-0.05753
173.51171875,-42.244140625,1.63595,-0.06117
173.5140625,-42.244140625,1.65077,-0.0648
173.51640625,-42.244140625,1.66558,-0.06844
173.51875,-42.244140625,1.6804,-0.07207
173.52109375,-42.244140625,1.69598,-0.07535
173.47421875,-42.2421875,1.44214,-0.00934
173.4765625,-42.2421875,1.45374,-0.01228
173.47890625,-42.2421875,1.46533,-0.01521
173.48125,-42.2421875,1.47693,-0.01815
173.48359375,-42.2421875,1.48933,-0.02142
173.4859375,-42.2421875,1.50174,-0.0247
173.48828125,-42.2421875,1.51414,-0.02798
173.490625,-42.2421875,1.52654,-0.03125
173.49296875,-42.2421875,1.53978,-0.03476
173.4953125,-42.2421875,1.55301,-0.03827
173.49765625,-42.2421875,1.56625,-0.04179
173.5,-42.2421875,1.57949,-0.0453
173.50234375,-42.2421875,1.59356,-0.04888
173.5046875,-42.2421875,1.60763,-0.05246
173.50703125,-42.2421875,1.6217,-0.05604
173.509375,-42.2421875,1.63578,-0.05962
173.51171875,-42.2421875,1.65069,-0.06304
173.5140625,-42.2421875,1.66561,-0.06646
173.51640625,-42.2421875,1.68052,-0.06989
173.51875,-42.2421875,1.69544,-0.07331
173.52109375,-42.2421875,1.71048,-0.07663
173.47421875,-42.240234375,1.45409,-0.0133
173.4765625,-42.240234375,1.46572,-0.0162
173.47890625,-42.240234375,1.47735,-0.0191
173.48125,-42.240234375,1.48899,-0.022
173.48359375,-42.240234375,1.50142,-0.02521
173.4859375,-42.240234375,1.51386,-0.02843
173.48828125,-42.240234375,1.5263,-0.03164
173.490625,-42.240234375,1.53873,-0.03486
173.49296875,-42.240234375,1.552,-0.03828
173.4953125,-42.240234375,1.56527,-0.0417
173.49765625,-42.240234375,1.57854,-0.04512
173.5,-42.240234375,1.5918,-0.04855
173.50234375,-42.240234375,1.60591,-0.052
173.5046875,-42.240234375,1.62002,-0.05546
173.50703125,-42.240234375,1.63413,-0.05892
173.509375,-42.240234375,1.64823,-0.06238
173.51171875,-42.240234375,1.66319,-0.06565
173.5140625,-42.240234375,1.67815,-0.06891
173.51640625,-42.240234375,1.6931,-0.07218
173.51875,-42.240234375,1.70806,-0.07545
173.52109375,-42.240234375,1.72395,-0.07829
173.47421875,-42.23828125,1.46604,-0.01726
173.4765625,-42.23828125,1.47771,-0.02012
173.47890625,-42.23828125,1.48938,-0.02298
173.48125,-42.23828125,1.50104,-0.02584
173.48359375,-42.23828125,1.51351,-0.029
173.4859375,-42.23828125,1.52598,-0.03215
173.48828125,-42.23828125,1.53845,-0.03531
173.490625,-42.23828125,1.55092,-0.03846
173.49296875,-42.23828125,1.56422,-0.0418
173.4953125,-42.23828125,1.57752,-0.04513
173.49765625,-42.23828125,1.59082,-0.04846
173.5,-42.23828125,1.60412,-0.0518
173.50234375,-42.23828125,1.61826,-0.05513
173.5046875,-42.23828125,1.63241,-0.05847
173.50703125,-42.23828125,1.64655,-0.06181
173.509375,-42.23828125,1.66069,-0.06515
173.51171875,-42.23828125,1.67569,-0.06826
173.5140625,-42.23828125,1.69069,-0.07136
173.51640625,-42.23828125,1.70569,-0.07447
173.51875,-42.23828125,1.72124,-0.07737
173.52109375,-42.23828125,1.73701,-0.08011
173.47421875,-42.236328125,1.47799,-0.02121
173.4765625,-42.236328125,1.48969,-0.02404
173.47890625,-42.236328125,1.5014,-0.02686
173.48125,-42.236328125,1.5131,-0.02969
173.48359375,-42.236328125,1.5256,-0.03278
173.4859375,-42.236328125,1.53811,-0.03588
173.48828125,-42.236328125,1.55061,-0.03897
173.490625,-42.236328125,1.56311,-0.04207
173.49296875,-42.236328125,1.57644,-0.04531
173.4953125,-42.236328125,1.58978,-0.04856
173.49765625,-42.236328125,1.60311,-0.0518
173.5,-42.236328125,1.61644,-0.05504
173.50234375,-42.236328125,1.63062,-0.05826
173.5046875,-42.236328125,1.64479,-0.06148
173.50703125,-42.236328125,1.65897,-0.06469
173.509375,-42.236328125,1.67314,-0.06791
173.51171875,-42.236328125,1.68818,-0.07086
173.5140625,-42.236328125,1.70323,-0.07382
173.51640625,-42.236328125,1.71827,-0.07677
173.51875,-42.236328125,1.73379,-0.07952
173.52109375,-42.236328125,1.74949,-0.08212
173.47421875,-42.234375,1.48994,-0.02517
173.4765625,-42.234375,1.50168,-0.02796
173.47890625,-42.234375,1.51342,-0.03075
173.48125,-42.234375,1.52516,-0.03354
173.48359375,-42.234375,1.53769,-0.03657
173.4859375,-42.234375,1.55023,-0.03961
173.48828125,-42.234375,1.56276,-0.04264
173.490625,-42.234375,1.5753,-0.04567
173.49296875,-42.234375,1.58866,-0.04883
173.4953125,-42.234375,1.60203,-0.05198
173.49765625,-42.234375,1.61539,-0.05514
173.5,-42.234375,1.62876,-0.05829
173.50234375,-42.234375,1.64297,-0.06139
173.5046875,-42.234375,1.65718,-0.06448
173.50703125,-42.234375,1.67139,-0.06758
173.509375,-42.234375,1.6856,-0.07068
173.51171875,-42.234375,1.70068,-0.07347
173.5140625,-42.234375,1.71576,-0.07627
173.51640625,-42.234375,1.73085,-0.07906
173.51875,-42.234375,1.74575,-0.08182
173.52109375,-42.234375,1.76132,-0.08433
173.47421875,-42.232421875,1.50043,-0.02913
173.4765625,-42.232421875,1.51216,-0.0319
173.47890625,-42.232421875,1.52389,-0.03467
173.48125,-42.232421875,1.53561,-0.03743
173.48359375,-42.232421875,1.54813,-0.04043
173.4859375,-42.232421875,1.56064,-0.04342
173.48828125,-42.232421875,1.57316,-0.04641
173.490625,-42.232421875,1.58567,-0.0494
173.49296875,-42.232421875,1.59901,-0.0525
173.4953125,-42.232421875,1.61235,-0.05559
173.49765625,-42.232421875,1.62569,-0.05869
173.5,-42.232421875,1.63903,-0.06178
173.50234375,-42.232421875,1.65322,-0.0648
173.5046875,-42.232421875,1.6674,-0.06781
173.50703125,-42.232421875,1.68158,-0.07082
173.509375,-42.232421875,1.69577,-0.07384
173.51171875,-42.232421875,1.71083,-0.07653
173.5140625,-42.232421875,1.72589,-0.07922
173.51640625,-42.232421875,1.74095,-0.08191
173.51875,-42.232421875,1.75664,-0.08439
173.52109375,-42.232421875,1.77238,-0.08673
173.47421875,-42.23046875,1.51093,-0.0331
173.4765625,-42.23046875,1.52264,-0.03584
173.47890625,-42.23046875,1.53436,-0.03858
173.48125,-42.23046875,1.54607,-0.04133
173.48359375,-42.23046875,1.55856,-0.04428
173.4859375,-42.23046875,1.57106,-0.04723
173.48828125,-42.23046875,1.58355,-0.05018
173.490625,-42.23046875,1.59605,-0.05314
173.49296875,-42.23046875,1.60936,-0.05617
173.4953125,-42.23046875,1.62268,-0.05921
173.49765625,-42.23046875,1.63599,-0.06224
173.5,-42.23046875,1.64931,-0.06527
173.50234375,-42.23046875,1.66346,-0.0682
173.5046875,-42.23046875,1.67762,-0.07113
173.50703125,-42.23046875,1.69178,-0.07406
173.509375,-42.23046875,1.70594,-0.07699
173.51171875,-42.23046875,1.72098,-0.07958
173.5140625,-42.23046875,1.73602,-0.08216
173.51640625,-42.23046875,1.75147,-0.08468
173.51875,-42.23046875,1.76706,-0.08706
173.52109375,-42.23046875,1.78281,-0.08928
173.47421875,-42.228515625,1.52142,-0.03706
173.4765625,-42.228515625,1.53312,-0.03978
173.47890625,-42.228515625,1.54482,-0.0425
173.48125,-42.228515625,1.55652,-0.04522
173.48359375,-42.228515625,1.569,-0.04813
173.4859375,-42.228515625,1.58147,-0.05105
173.48828125,-42.228515625,1.59395,-0.05396
173.490625,-42.228515625,1.60642,-0.05687
173.49296875,-42.228515625,1.61971,-0.05984
173.4953125,-42.228515625,1.633,-0.06282
173.49765625,-42.228515625,1.64629,-0.06579
173.5,-42.228515625,1.65958,-0.06876
173.50234375,-42.228515625,1.67371,-0.07161
173.5046875,-42.228515625,1.68784,-0.07446
173.50703125,-42.228515625,1.70198,-0.07731
173.509375,-42.228515625,1.71611,-0.08015
173.51171875,-42.228515625,1.73113,-0.08263
173.5140625,-42.228515625,1.74615,-0.08511
173.51640625,-42.228515625,1.76145,-0.08755
173.51875,-42.228515625,1.77691,-0.08984
173.52109375,-42.228515625,1.7926,-0.09196
173.47421875,-42.2265625,1.53192,-0.04102
173.4765625,-42.2265625,1.54361,-0.04372
173.47890625,-42.2265625,1.55529,-0.04642
173.48125,-42.2265625,1.56698,-0.04912
173.48359375,-42.2265625,1.57943,-0.05199
173.4859375,-42.2265625,1.59189,-0.05486
173.48828125,-42.2265625,1.60434,-0.05773
173.490625,-42.2265625,1.6168,-0.0606
173.49296875,-42.2265625,1.63006,-0.06352
173.4953125,-42.2265625,1.64332,-0.06643
173.49765625,-42.2265625,1.65659,-0.06934
173.5,-42.2265625,1.66985,-0.07225
173.50234375,-42.2265625,1.68396,-0.07502
173.5046875,-42.2265625,1.69807,-0.07778
173.50703125,-42.2265625,1.71217,-0.08055
173.509375,-42.2265625,1.72628,-0.08331
173.51171875,-42.2265625,1.74128,-0.08569
173.5140625,-42.2265625,1.75628,-0.08806
173.51640625,-42.2265625,1.77087,-0.09047
173.51875,-42.2265625,1.78613,-0.0927
173.52109375,-42.2265625,1.80173,-0.09473
173.47421875,-42.224609375,1.54099,-0.04476
173.4765625,-42.224609375,1.55261,-0.04744
173.47890625,-42.224609375,1.56424,-0.05012
173.48125,-42.224609375,1.57587,-0.0528
173.48359375,-42.224609375,1.58825,-0.05564
173.4859375,-42.224609375,1.60063,-0.05849
173.48828125,-42.224609375,1.61301,-0.06133
173.490625,-42.224609375,1.62539,-0.06417
173.49296875,-42.224609375,1.63857,-0.06705
173.4953125,-42.224609375,1.65175,-0.06992
173.49765625,-42.224609375,1.66494,-0.07279
173.5,-42.224609375,1.67812,-0.07566
173.50234375,-42.224609375,1.69213,-0.07837
173.5046875,-42.224609375,1.70615,-0.08109
173.50703125,-42.224609375,1.72017,-0.0838
173.509375,-42.224609375,1.73418,-0.08651
173.51171875,-42.224609375,1.74909,-0.08882
173.5140625,-42.224609375,1.764,-0.09113
173.51640625,-42.224609375,1.77925,-0.09347
173.51875,-42.224609375,1.7946,-0.09562
173.52109375,-42.224609375,1.81017,-0.09758
173.47421875,-42.22265625,1.55005,-0.0485
173.4765625,-42.22265625,1.56162,-0.05116
173.47890625,-42.22265625,1.57318,-0.05382
173.48125,-42.22265625,1.58475,-0.05649
173.48359375,-42.22265625,1.59706,-0.0593
173.4859375,-42.22265625,1.60937,-0.06212
173.48828125,-42.22265625,1.62167,-0.06493
173.490625,-42.22265625,1.63398,-0.06775
173.49296875,-42.22265625,1.64708,-0.07058
173.4953125,-42.22265625,1.66018,-0.07341
173.49765625,-42.22265625,1.67328,-0.07624
173.5,-42.22265625,1.68638,-0.07907
173.50234375,-42.22265625,1.70031,-0.08173
173.5046875,-42.22265625,1.71424,-0.08439
173.50703125,-42.22265625,1.72816,-0.08705
173.509375,-42.22265625,1.74209,-0.08971
173.51171875,-42.22265625,1.75691,-0.09195
173.5140625,-42.22265625,1.77199,-0.09429
173.51640625,-42.22265625,1.78715,-0.09652
173.51875,-42.22265625,1.80245,-0.09859
173.52109375,-42.22265625,1.81795,-0.10047
173.47421875,-42.220703125,1.55912,-0.05224
173.4765625,-42.220703125,1.57063,-0.05488
173.47890625,-42.220703125,1.58213,-0.05753
173.48125,-42.220703125,1.59364,-0.06017
173.48359375,-42.220703125,1.60587,-0.06296
173.4859375,-42.220703125,1.61811,-0.06574
173.48828125,-42.220703125,1.63034,-0.06853
173.490625,-42.220703125,1.64258,-0.07132
173.49296875,-42.220703125,1.65559,-0.07411
173.4953125,-42.220703125,1.66861,-0.0769
173.49765625,-42.220703125,1.68163,-0.07969
173.5,-42.220703125,1.69464,-0.08248
173.50234375,-42.220703125,1.70848,-0.08509
173.5046875,-42.220703125,1.72232,-0.08769
173.50703125,-42.220703125,1.73616,-0.0903
173.509375,-42.220703125,1.75,-0.09291
173.51171875,-42.220703125,1.76472,-0.09509
173.5140625,-42.220703125,1.77956,-0.09739
173.51640625,-42.220703125,1.79453,-0.09956
173.51875,-42.220703125,1.8097,-0.10156
173.52109375,-42.220703125,1.8251,-0.10337
173.47421875,-42.21875,1.56819,-0.05597
173.4765625,-42.21875,1.57963,-0.0586
173.47890625,-42.21875,1.59108,-0.06123
173.48125,-42.21875,1.60252,-0.06386
173.48359375,-42.21875,1.61468,-0.06661
173.4859375,-42.21875,1.62685,-0.06937
173.48828125,-42.21875,1.63901,-0.07213
173.490625,-42.21875,1.65117,-0.07489
173.49296875,-42.21875,1.6641,-0.07764
173.4953125,-42.21875,1.67704,-0.08039
173.49765625,-42.21875,1.68997,-0.08314
173.5,-42.21875,1.70291,-0.08589
173.50234375,-42.21875,1.71666,-0.08844
173.5046875,-42.21875,1.7304,-0.091
173.50703125,-42.21875,1.74415,-0.09355
173.509375,-42.21875,1.7579,-0.0961
173.51171875,-42.21875,1.77254,-0.09822
173.5140625,-42.21875,1.78665,-0.10045
173.51640625,-42.21875,1.80134,-0.10255
173.51875,-42.21875,1.81635,-0.10449
173.52109375,-42.21875,1.83162,-0.10625
173.47421875,-42.216796875,1.57597,-0.05924
173.4765625,-42.216796875,1.58731,-0.06184
173.47890625,-42.216796875,1.59865,-0.06445
173.48125,-42.216796875,1.60999,-0.06706
173.48359375,-42.216796875,1.62203,-0.06979
173.4859375,-42.216796875,1.63407,-0.07252
173.48828125,-42.216796875,1.64611,-0.07525
173.490625,-42.216796875,1.65815,-0.07799
173.49296875,-42.216796875,1.67095,-0.0807
173.4953125,-42.216796875,1.68374,-0.08342
173.49765625,-42.216796875,1.69654,-0.08614
173.5,-42.216796875,1.70933,-0.08886
173.50234375,-42.216796875,1.72293,-0.09137
173.5046875,-42.216796875,1.73653,-0.09389
173.50703125,-42.216796875,1.75012,-0.09641
173.509375,-42.216796875,1.76372,-0.09892
173.51171875,-42.216796875,1.77837,-0.10122
173.5140625,-42.216796875,1.79284,-0.10341
173.51640625,-42.216796875,1.80749,-0.10546
173.51875,-42.216796875,1.82239,-0.10735
173.52109375,-42.216796875,1.83752,-0.10906
173.47421875,-42.21484375,1.58375,-0.0625
173.4765625,-42.21484375,1.59498,-0.06509
173.47890625,-42.21484375,1.60622,-0.06767
173.48125,-42.21484375,1.61746,-0.07026
173.48359375,-42.21484375,1.62938,-0.07297
173.4859375,-42.21484375,1.6413,-0.07567
173.48828125,-42.21484375,1.65321,-0.07838
173.490625,-42.21484375,1.66513,-0.08108
173.49296875,-42.21484375,1.67779,-0.08377
173.4953125,-42.21484375,1.69045,-0.08645
173.49765625,-42.21484375,1.7031,-0.08914
173.5,-42.21484375,1.71576,-0.09182
173.50234375,-42.21484375,1.72921,-0.0943
173.5046875,-42.21484375,1.74265,-0.09678
173.50703125,-42.21484375,1.75609,-0.09926
173.509375,-42.21484375,1.76954,-0.10174
173.51171875,-42.21484375,1.78408,-0.10407
173.5140625,-42.21484375,1.79852,-0.10625
173.51640625,-42.21484375,1.81308,-0.10827
173.51875,-42.21484375,1.82784,-0.11012
173.52109375,-42.21484375,1.84283,-0.1118
173.47421875,-42.212890625,1.59153,-0.06577
173.4765625,-42.212890625,1.60266,-0.06833
173.47890625,-42.212890625,1.61379,-0.0709
173.48125,-42.212890625,1.62493,-0.07346
173.48359375,-42.212890625,1.63672,-0.07614
173.4859375,-42.212890625,1.64852,-0.07882
173.48828125,-42.212890625,1.66032,-0.0815
173.490625,-42.212890625,1.67211,-0.08418
173.49296875,-42.212890625,1.68463,-0.08683
173.4953125,-42.212890625,1.69715,-0.08948
173.49765625,-42.212890625,1.70967,-0.09214
173.5,-42.212890625,1.72219,-0.09479
173.50234375,-42.212890625,1.73548,-0.09724
173.5046875,-42.212890625,1.74877,-0.09968
173.50703125,-42.212890625,1.76206,-0.10212
173.509375,-42.212890625,1.77564,-0.10454
173.51171875,-42.212890625,1.78962,-0.10682
173.5140625,-42.212890625,1.80379,-0.10895
173.51640625,-42.212890625,1.81816,-0.11094
173.51875,-42.212890625,1.83273,-0.11276
173.52109375,-42.212890625,1.84752,-0.11438
173.47421875,-42.2109375,1.59931,-0.06903
173.4765625,-42.2109375,1.61034,-0.07158
173.47890625,-42.2109375,1.62137,-0.07412
173.48125,-42.2109375,1.6324,-0.07667
173.48359375,-42.2109375,1.64407,-0.07932
173.4859375,-42.2109375,1.65575,-0.08197
173.48828125,-42.2109375,1.66742,-0.08462
173.490625,-42.2109375,1.67909,-0.08727
173.49296875,-42.2109375,1.69148,-0.0899
173.4953125,-42.2109375,1.70386,-0.09252
173.49765625,-42.2109375,1.71624,-0.09514
173.5,-42.2109375,1.72862,-0.09776
173.50234375,-42.2109375,1.74176,-0.10017
173.5046875,-42.2109375,1.7549,-0.10257
173.50703125,-42.2109375,1.76804,-0.10498
173.509375,-42.2109375,1.78109,-0.1072
173.51171875,-42.2109375,1.79468,-0.1094
173.5140625,-42.2109375,1.80858,-0.11149
173.51640625,-42.2109375,1.82273,-0.11344
173.51875,-42.2109375,1.83711,-0.11524
173.52109375,-42.2109375,1.85165,-0.1168
173.47421875,-42.208984375,1.60602,-0.07159
173.4765625,-42.208984375,1.61691,-0.0741
173.47890625,-42.208984375,1.6278,-0.07661
173.48125,-42.208984375,1.63869,-0.07912
173.48359375,-42.208984375,1.6502,-0.08173
173.4859375,-42.208984375,1.66171,-0.08435
173.48828125,-42.208984375,1.67322,-0.08696
173.490625,-42.208984375,1.68473,-0.08958
173.49296875,-42.208984375,1.69693,-0.09216
173.4953125,-42.208984375,1.70912,-0.09474
173.49765625,-42.208984375,1.72131,-0.09733
173.5,-42.208984375,1.7335,-0.09991
173.50234375,-42.208984375,1.74643,-0.10228
173.5046875,-42.208984375,1.75936,-0.10465
173.50703125,-42.208984375,1.77257,-0.10723
173.509375,-42.208984375,1.78576,-0.10956
173.51171875,-42.208984375,1.79919,-0.11176
173.5140625,-42.208984375,1.81287,-0.11382
173.51640625,-42.208984375,1.82679,-0.11574
173.51875,-42.208984375,1.84092,-0.11749
173.52109375,-42.208984375,1.85525,-0.11902
173.47421875,-42.20703125,1.61273,-0.07414
173.4765625,-42.20703125,1.62348,-0.07662
173.47890625,-42.20703125,1.63423,-0.07909
173.48125,-42.20703125,1.64498,-0.08157
173.48359375,-42.20703125,1.65633,-0.08414
173.4859375,-42.20703125,1.66768,-0.08672
173.48828125,-42.20703125,1.67902,-0.0893
173.490625,-42.20703125,1.69037,-0.09188
173.49296875,-42.20703125,1.70238,-0.09442
173.4953125,-42.20703125,1.71438,-0.09697
173.49765625,-42.20703125,1.72639,-0.09951
173.5,-42.20703125,1.73839,-0.10206
173.50234375,-42.20703125,1.75111,-0.10439
173.5046875,-42.20703125,1.76396,-0.10694
173.50703125,-42.20703125,1.77692,-0.1094
173.509375,-42.20703125,1.78998,-0.11171
173.51171875,-42.20703125,1.80323,-0.11389
173.5140625,-42.20703125,1.81669,-0.11593
173.51640625,-42.20703125,1.83038,-0.11783
173.51875,-42.20703125,1.84425,-0.11951
173.52109375,-42.20703125,1.85835,-0.12101
173.47421875,-42.205078125,1.61944,-0.0767
173.4765625,-42.205078125,1.63005,-0.07914
173.47890625,-42.205078125,1.64066,-0.08158
173.48125,-42.205078125,1.65128,-0.08402
173.48359375,-42.205078125,1.66246,-0.08656
173.4859375,-42.205078125,1.67364,-0.0891
173.48828125,-42.205078125,1.68482,-0.09164
173.490625,-42.205078125,1.69601,-0.09418
173.49296875,-42.205078125,1.70783,-0.09669
173.4953125,-42.205078125,1.71964,-0.09919
173.49765625,-42.205078125,1.73146,-0.1017
173.5,-42.205078125,1.74328,-0.10421
173.50234375,-42.205078125,1.75579,-0.10651
173.5046875,-42.205078125,1.7683,-0.10899
173.50703125,-42.205078125,1.78098,-0.11137
173.509375,-42.205078125,1.79382,-0.11363
173.51171875,-42.205078125,1.80685,-0.11577
173.5140625,-42.205078125,1.82008,-0.11777
173.51640625,-42.205078125,1.83351,-0.11961
173.51875,-42.205078125,1.84713,-0.12126
173.52109375,-42.205078125,1.86097,-0.12273
173.47421875,-42.203125,1.62615,-0.07925
173.4765625,-42.203125,1.63662,-0.08166
173.47890625,-42.203125,1.6471,-0.08406
173.48125,-42.203125,1.65757,-0.08647
173.48359375,-42.203125,1.66859,-0.08897
173.4859375,-42.203125,1.67961,-0.09147
173.48828125,-42.203125,1.69063,-0.09398
173.490625,-42.203125,1.70165,-0.09648
173.49296875,-42.203125,1.71328,-0.09895
173.4953125,-42.203125,1.72491,-0.10142
173.49765625,-42.203125,1.73654,-0.10389
173.5,-42.203125,1.74817,-0.10636
173.50234375,-42.203125,1.7601,-0.10848
173.5046875,-42.203125,1.77231,-0.11078
173.50703125,-42.203125,1.78472,-0.11307
173.509375,-42.203125,1.79732,-0.11527
173.51171875,-42.203125,1.81011,-0.11737
173.5140625,-42.203125,1.82308,-0.11933
173.51640625,-42.203125,1.83624,-0.1211
173.51875,-42.203125,1.8496,-0.12272
173.52109375,-42.203125,1.86317,-0.12416
173.47421875,-42.201171875,1.63211,-0.08089
173.4765625,-42.201171875,1.64243,-0.08324
173.47890625,-42.201171875,1.65274,-0.08558
173.48125,-42.201171875,1.66305,-0.08793
173.48359375,-42.201171875,1.67387,-0.09037
173.4859375,-42.201171875,1.6847,-0.09281
173.48828125,-42.201171875,1.69552,-0.09525
173.490625,-42.201171875,1.70635,-0.0977
173.49296875,-42.201171875,1.71775,-0.10011
173.4953125,-42.201171875,1.72916,-0.10252
173.49765625,-42.201171875,1.74056,-0.10493
173.5,-42.201171875,1.75225,-0.10756
173.50234375,-42.201171875,1.76403,-0.10992
173.5046875,-42.201171875,1.776,-0.11222
173.50703125,-42.201171875,1.78816,-0.11445
173.509375,-42.201171875,1.8005,-0.11661
173.51171875,-42.201171875,1.81303,-0.11867
173.5140625,-42.201171875,1.82572,-0.12054
173.51640625,-42.201171875,1.83861,-0.12227
173.51875,-42.201171875,1.85169,-0.12384
173.52109375,-42.201171875,1.86497,-0.12525
173.47421875,-42.19921875,1.63808,-0.08254
173.4765625,-42.19921875,1.64823,-0.08482
173.47890625,-42.19921875,1.65837,-0.08711
173.48125,-42.19921875,1.66852,-0.08939
173.48359375,-42.19921875,1.67915,-0.09177
173.4859375,-42.19921875,1.68978,-0.09415
173.48828125,-42.19921875,1.70041,-0.09653
173.490625,-42.19921875,1.71105,-0.09891
173.49296875,-42.19921875,1.72223,-0.10126
173.4953125,-42.19921875,1.73341,-0.10361
173.49765625,-42.19921875,1.7447,-0.10619
173.5,-42.19921875,1.75613,-0.10868
173.50234375,-42.19921875,1.7677,-0.11103
173.5046875,-42.19921875,1.77942,-0.1133
173.50703125,-42.19921875,1.79132,-0.11549
173.509375,-42.19921875,1.80339,-0.11759
173.51171875,-42.19921875,1.81564,-0.11957
173.5140625,-42.19921875,1.82806,-0.12139
173.51640625,-42.19921875,1.84065,-0.12308
173.51875,-42.19921875,1.85344,-0.12461
173.52109375,-42.19921875,1.86643,-0.12598
173.47421875,-42.197265625,1.64404,-0.08418
173.4765625,-42.197265625,1.65403,-0.08641
173.47890625,-42.197265625,1.66401,-0.08863
173.48125,-42.197265625,1.674,-0.09085
173.48359375,-42.197265625,1.68443,-0.09317
173.4859375,-42.197265625,1.69487,-0.09549
173.48828125,-42.197265625,1.70531,-0.09781
173.490625,-42.197265625,1.71575,-0.10013
173.49296875,-42.197265625,1.7267,-0.10242
173.4953125,-42.197265625,1.73762,-0.1048
173.49765625,-42.197265625,1.74866,-0.10719
173.5,-42.197265625,1.75983,-0.10954
173.50234375,-42.197265625,1.77115,-0.11183
173.5046875,-42.197265625,1.78262,-0.11405
173.50703125,-42.197265625,1.79425,-0.11618
173.509375,-42.197265625,1.80605,-0.11822
173.51171875,-42.197265625,1.818,-0.1201
173.5140625,-42.197265625,1.83012,-0.12187
173.51640625,-42.197265625,1.84243,-0.12351
173.51875,-42.197265625,1.85491,-0.12499
173.52109375,-42.197265625,1.86758,-0.12632
173.47421875,-42.1953125,1.65001,-0.08583
173.4765625,-42.1953125,1.65983,-0.08799
173.47890625,-42.1953125,1.66965,-0.09015
173.48125,-42.1953125,1.67947,-0.09231
173.48359375,-42.1953125,1.68972,-0.09457
173.4859375,-42.1953125,1.69996,-0.09683
173.48828125,-42.1953125,1.7102,-0.09909
173.490625,-42.1953125,1.72045,-0.10134
173.49296875,-42.1953125,1.73118,-0.10357
173.4953125,-42.1953125,1.7417,-0.10562
173.49765625,-42.1953125,1.75245,-0.10783
173.5,-42.1953125,1.76337,-0.11008
173.50234375,-42.1953125,1.77442,-0.11228
173.5046875,-42.1953125,1.78562,-0.11443
173.50703125,-42.1953125,1.79698,-0.1165
173.509375,-42.1953125,1.80848,-0.11842
173.51171875,-42.1953125,1.82015,-0.12024
173.5140625,-42.1953125,1.83198,-0.12195
173.51640625,-42.1953125,1.84397,-0.12353
173.51875,-42.1953125,1.85614,-0.12496
173.52109375,-42.1953125,1.86849,-0.12623
173.47421875,-42.193359375,1.65563,-0.08643
173.4765625,-42.193359375,1.66528,-0.08849
173.47890625,-42.193359375,1.67493,-0.09055
173.48125,-42.193359375,1.68458,-0.09262
173.48359375,-42.193359375,1.69462,-0.09477
173.4859375,-42.193359375,1.70466,-0.09693
173.48828125,-42.193359375,1.71469,-0.09909
173.490625,-42.193359375,1.72473,-0.10125
173.49296875,-42.193359375,1.73516,-0.10367
173.4953125,-42.193359375,1.74557,-0.10588
173.49765625,-42.193359375,1.7561,-0.10806
173.5,-42.193359375,1.76677,-0.11023
173.50234375,-42.193359375,1.77755,-0.11235
173.5046875,-42.193359375,1.78848,-0.11443
173.50703125,-42.193359375,1.79955,-0.11637
173.509375,-42.193359375,1.81077,-0.11822
173.51171875,-42.193359375,1.82214,-0.11997
173.5140625,-42.193359375,1.83366,-0.12161
173.51640625,-42.193359375,1.84534,-0.12312
173.51875,-42.193359375,1.85718,-0.12448
173.52109375,-42.193359375,1.86919,-0.12569
173.47421875,-42.19140625,1.66125,-0.08702
173.4765625,-42.19140625,1.67073,-0.08899
173.47890625,-42.19140625,1.68021,-0.09095
173.48125,-42.19140625,1.68969,-0.09292
173.48359375,-42.19140625,1.69952,-0.09498
173.4859375,-42.19140625,1.70935,-0.09703
173.48828125,-42.19140625,1.71918,-0.09909
173.490625,-42.19140625,1.72911,-0.10138
173.49296875,-42.19140625,1.7392,-0.10363
173.4953125,-42.19140625,1.74938,-0.10579
173.49765625,-42.19140625,1.75967,-0.10791
173.5,-42.19140625,1.77007,-0.10998
173.50234375,-42.19140625,1.78059,-0.11201
173.5046875,-42.19140625,1.79124,-0.11397
173.50703125,-42.19140625,1.80203,-0.11582
173.509375,-42.19140625,1.81295,-0.11759
173.51171875,-42.19140625,1.82401,-0.11926
173.5140625,-42.19140625,1.83522,-0.12082
173.51640625,-42.19140625,1.84658,-0.12225
173.51875,-42.19140625,1.85809,-0.12354
173.52109375,-42.19140625,1.86976,-0.12467
173.47421875,-42.189453125,1.66687,-0.08762
173.4765625,-42.189453125,1.67618,-0.08949
173.47890625,-42.189453125,1.68549,-0.09136
173.48125,-42.189453125,1.6948,-0.09322
173.48359375,-42.189453125,1.70442,-0.09518
173.4859375,-42.189453125,1.71405,-0.09714
173.48828125,-42.189453125,1.72367,-0.0991
173.490625,-42.189453125,1.7334,-0.1012
173.49296875,-42.189453125,1.74323,-0.10329
173.4953125,-42.189453125,1.75316,-0.10535
173.49765625,-42.189453125,1.76319,-0.10737
173.5,-42.189453125,1.77334,-0.10935
173.50234375,-42.189453125,1.78359,-0.11128
173.5046875,-42.189453125,1.79396,-0.1131
173.50703125,-42.189453125,1.80446,-0.11485
173.509375,-42.189453125,1.81508,-0.11652
173.51171875,-42.189453125,1.82583,-0.11809
173.5140625,-42.189453125,1.83672,-0.11956
173.51640625,-42.189453125,1.84775,-0.1209
173.51875,-42.189453125,1.85892,-0.12211
173.52109375,-42.189453125,1.87024,-0.12315
173.47421875,-42.1875,1.67249,-0.08822
173.4765625,-42.1875,1.68163,-0.08999
173.47890625,-42.1875,1.69077,-0.09176
173.48125,-42.1875,1.69991,-0.09353
173.48359375,-42.1875,1.70933,-0.09538
173.4859375,-42.1875,1.71875,-0.09724
173.48828125,-42.1875,1.72818,-0.09882
173.490625,-42.1875,1.73767,-0.10068
173.49296875,-42.1875,1.74726,-0.10261
173.4953125,-42.1875,1.75694,-0.10454
173.49765625,-42.1875,1.76672,-0.10645
173.5,-42.1875,1.7766,-0.10832
173.50234375,-42.1875,1.78658,-0.11008
173.5046875,-42.1875,1.79668,-0.11179
173.50703125,-42.1875,1.80688,-0.11343
173.509375,-42.1875,1.8172,-0.11499
173.51171875,-42.1875,1.82764,-0.11646
173.5140625,-42.1875,1.83821,-0.11782
173.51640625,-42.1875,1.8489,-0.11906
173.51875,-42.1875,1.85973,-0.12016
173.52109375,-42.1875,1.8707,-0.12111
173.47421875,-42.185546875,1.67823,-0.08773
173.4765625,-42.185546875,1.68721,-0.08936
173.47890625,-42.185546875,1.6962,-0.09098
173.48125,-42.185546875,1.70518,-0.09261
173.48359375,-42.185546875,1.71441,-0.09432
173.4859375,-42.185546875,1.72363,-0.09602
173.48828125,-42.185546875,1.73276,-0.09791
173.490625,-42.185546875,1.74201,-0.09972
173.49296875,-42.185546875,1.75135,-0.10154
173.4953125,-42.185546875,1.76078,-0.10334
173.49765625,-42.185546875,1.7703,-0.10514
173.5,-42.185546875,1.77994,-0.10682
173.50234375,-42.185546875,1.78965,-0.10845
173.5046875,-42.185546875,1.79946,-0.11003
173.50703125,-42.185546875,1.80937,-0.11155
173.509375,-42.185546875,1.81939,-0.11299
173.51171875,-42.185546875,1.82952,-0.11434
173.5140625,-42.185546875,1.83976,-0.11558
173.51640625,-42.185546875,1.85012,-0.11671
173.51875,-42.185546875,1.8606,-0.1177
173.52109375,-42.185546875,1.87121,-0.11853
173.47421875,-42.18359375,1.68397,-0.08725
173.4765625,-42.18359375,1.6928,-0.08873
173.47890625,-42.18359375,1.70163,-0.09021
173.48125,-42.18359375,1.71046,-0.09169
173.48359375,-42.18359375,1.71948,-0.09325
173.4859375,-42.18359375,1.72841,-0.095
173.48828125,-42.18359375,1.73738,-0.09672
173.490625,-42.18359375,1.74642,-0.09841
173.49296875,-42.18359375,1.75553,-0.10009
173.4953125,-42.18359375,1.76472,-0.10175
173.49765625,-42.18359375,1.77399,-0.10337
173.5,-42.18359375,1.78337,-0.1049
173.50234375,-42.18359375,1.79282,-0.10639
173.5046875,-42.18359375,1.80235,-0.10783
173.50703125,-42.18359375,1.81197,-0.10921
173.509375,-42.18359375,1.82169,-0.11051
173.51171875,-42.18359375,1.8315,-0.11173
173.5140625,-42.18359375,1.84142,-0.11284
173.51640625,-42.18359375,1.85145,-0.11383
173.51875,-42.18359375,1.86158,-0.11469
173.52109375,-42.18359375,1.87183,-0.1154
173.47421875,-42.181640625,1.68971,-0.08676
173.4765625,-42.181640625,1.69838,-0.0881
173.47890625,-42.181640625,1.70706,-0.08944
173.48125,-42.181640625,1.71573,-0.09077
173.48359375,-42.181640625,1.72456,-0.09218
173.4859375,-42.181640625,1.73331,-0.0937
173.48828125,-42.181640625,1.7421,-0.09523
173.490625,-42.181640625,1.75094,-0.09675
173.49296875,-42.181640625,1.75983,-0.09827
173.4953125,-42.181640625,1.76878,-0.09979
173.49765625,-42.181640625,1.77784,-0.10119
173.5,-42.181640625,1.78696,-0.10256
173.50234375,-42.181640625,1.79614,-0.1039
173.5046875,-42.181640625,1.8054,-0.10518
173.50703125,-42.181640625,1.81473,-0.1064
173.509375,-42.181640625,1.82415,-0.10755
173.51171875,-42.181640625,1.83365,-0.10861
173.5140625,-42.181640625,1.84325,-0.10957
173.51640625,-42.181640625,1.85294,-0.11042
173.51875,-42.181640625,1.86273,-0.11113
173.52109375,-42.181640625,1.87263,-0.11169
173.47421875,-42.1796875,1.69545,-0.08628
173.4765625,-42.1796875,1.70397,-0.08747
173.47890625,-42.1796875,1.71248,-0.08866
173.48125,-42.1796875,1.721,-0.08986
173.48359375,-42.1796875,1.72976,-0.09084
173.4859375,-42.1796875,1.73838,-0.09208
173.48828125,-42.1796875,1.747,-0.0934
173.490625,-42.1796875,1.75564,-0.09473
173.49296875,-42.1796875,1.76432,-0.09606
173.4953125,-42.1796875,1.77305,-0.09738
173.49765625,-42.1796875,1.78187,-0.09861
173.5,-42.1796875,1.79075,-0.09981
173.50234375,-42.1796875,1.79967,-0.10097
173.5046875,-42.1796875,1.80865,-0.10208
173.50703125,-42.1796875,1.81771,-0.10313
173.509375,-42.1796875,1.82683,-0.1041
173.51171875,-42.1796875,1.83603,-0.105
173.5140625,-42.1796875,1.84531,-0.10579
173.51640625,-42.1796875,1.85468,-0.10647
173.51875,-42.1796875,1.86413,-0.10701
173.52109375,-42.1796875,1.87367,-0.10742
173.47421875,-42.177734375,1.70175,-0.08482
173.4765625,-42.177734375,1.71015,-0.08582
173.47890625,-42.177734375,1.71856,-0.08682
173.48125,-42.177734375,1.72696,-0.08782
173.48359375,-42.177734375,1.7353,-0.08896
173.4859375,-42.177734375,1.74369,-0.09008
173.48828125,-42.177734375,1.75211,-0.09122
173.490625,-42.177734375,1.76055,-0.09236
173.49296875,-42.177734375,1.76902,-0.0935
173.4953125,-42.177734375,1.77755,-0.0946
173.49765625,-42.177734375,1.78614,-0.09563
173.5,-42.177734375,1.79478,-0.09664
173.50234375,-42.177734375,1.80346,-0.0976
173.5046875,-42.177734375,1.81218,-0.09852
173.50703125,-42.177734375,1.82096,-0.09938
173.509375,-42.177734375,1.8298,-0.10017
173.51171875,-42.177734375,1.8387,-0.10087
173.5140625,-42.177734375,1.84767,-0.10148
173.51640625,-42.177734375,1.85671,-0.10197
173.51875,-42.177734375,1.86583,-0.10234
173.52109375,-42.177734375,1.87503,-0.10256
173.47421875,-42.17578125,1.70805,-0.08336
173.4765625,-42.17578125,1.71634,-0.08417
173.47890625,-42.17578125,1.72463,-0.08497
173.48125,-42.17578125,1.73292,-0.08578
173.48359375,-42.17578125,1.74103,-0.08682
173.4859375,-42.17578125,1.74923,-0.08778
173.48828125,-42.17578125,1.75746,-0.08872
173.490625,-42.17578125,1.76571,-0.08966
173.49296875,-42.17578125,1.77397,-0.09061
173.4953125,-42.17578125,1.78233,-0.09145
173.49765625,-42.17578125,1.79071,-0.09227
173.5,-42.17578125,1.79912,-0.09307
173.50234375,-42.17578125,1.80755,-0.09382
173.5046875,-42.17578125,1.81603,-0.09453
173.50703125,-42.17578125,1.82454,-0.09518
173.509375,-42.17578125,1.8331,-0.09576
173.51171875,-42.17578125,1.84172,-0.09626
173.5140625,-42.17578125,1.85039,-0.09665
173.51640625,-42.17578125,1.85912,-0.09694
173.51875,-42.17578125,1.86792,-0.09711
173.52109375,-42.17578125,1.87678,-0.09713
173.47421875,-42.173828125,1.71435,-0.08191
173.4765625,-42.173828125,1.72253,-0.08252
173.47890625,-42.173828125,1.7307,-0.08313
173.48125,-42.173828125,1.73888,-0.08374
173.48359375,-42.173828125,1.74692,-0.0845
173.4859375,-42.173828125,1.755,-0.08522
173.48828125,-42.173828125,1.76309,-0.08593
173.490625,-42.173828125,1.77117,-0.08664
173.49296875,-42.173828125,1.77926,-0.08734
173.4953125,-42.173828125,1.78743,-0.08796
173.49765625,-42.173828125,1.79561,-0.08855
173.5,-42.173828125,1.80381,-0.08911
173.50234375,-42.173828125,1.81201,-0.08964
173.5046875,-42.173828125,1.82025,-0.09012
173.50703125,-42.173828125,1.82851,-0.09054
173.509375,-42.173828125,1.83681,-0.09088
173.51171875,-42.173828125,1.84515,-0.09115
173.5140625,-42.173828125,1.85354,-0.09132
173.51640625,-42.173828125,1.86197,-0.09138
173.51875,-42.173828125,1.87045,-0.09132
173.52109375,-42.173828125,1.87898,-0.09112
173.47421875,-42.171875,1.72065,-0.08045
173.4765625,-42.171875,1.72871,-0.08086
173.47890625,-42.171875,1.73677,-0.08128
173.48125,-42.171875,1.74483,-0.0817
173.48359375,-42.171875,1.75306,-0.08198
173.4859375,-42.171875,1.76108,-0.0824
173.48828125,-42.171875,1.76903,-0.08286
173.490625,-42.171875,1.77697,-0.08331
173.49296875,-42.171875,1.78489,-0.08376
173.4953125,-42.171875,1.79289,-0.08413
173.49765625,-42.171875,1.80089,-0.08448
173.5,-42.171875,1.80889,-0.0848
173.50234375,-42.171875,1.81689,-0.08507
173.5046875,-42.171875,1.8249,-0.0853
173.50703125,-42.171875,1.83293,-0.08547
173.509375,-42.171875,1.84099,-0.08556
173.51171875,-42.171875,1.84907,-0.08558
173.5140625,-42.171875,1.85718,-0.0855
173.51640625,-42.171875,1.86532,-0.08532
173.51875,-42.171875,1.8735,-0.08501
173.52109375,-42.171875,1.88173,-0.08456
173.47421875,-42.169921875,1.7279,-0.0783
173.4765625,-42.169921875,1.73591,-0.07848
173.47890625,-42.169921875,1.74393,-0.07866
173.48125,-42.169921875,1.75194,-0.07884
173.48359375,-42.169921875,1.75972,-0.07909
173.4859375,-42.169921875,1.76753,-0.07931
173.48828125,-42.169921875,1.77534,-0.07952
173.490625,-42.169921875,1.78314,-0.07972
173.49296875,-42.169921875,1.79092,-0.0799
173.4953125,-42.169921875,1.79876,-0.08001
173.49765625,-42.169921875,1.80659,-0.08009
173.5,-42.169921875,1.81442,-0.08014
173.50234375,-42.169921875,1.82223,-0.08015
173.5046875,-42.169921875,1.83004,-0.0801
173.50703125,-42.169921875,1.83785,-0.08
173.509375,-42.169921875,1.84568,-0.07982
173.51171875,-42.169921875,1.85352,-0.07957
173.5140625,-42.169921875,1.86137,-0.07922
173.51640625,-42.169921875,1.86925,-0.07876
173.51875,-42.169921875,1.87715,-0.07818
173.52109375,-42.169921875,1.88508,-0.07747
173.47421875,-42.16796875,1.73514,-0.07615
173.4765625,-42.16796875,1.74311,-0.07609
173.47890625,-42.16796875,1.75108,-0.07604
173.48125,-42.16796875,1.75905,-0.07598
173.48359375,-42.16796875,1.76664,-0.07603
173.4859375,-42.16796875,1.77433,-0.07602
173.48828125,-42.16796875,1.78203,-0.07597
173.490625,-42.16796875,1.78971,-0.07589
173.49296875,-42.16796875,1.79736,-0.07579
173.4953125,-42.16796875,1.80507,-0.07562
173.49765625,-42.16796875,1.81277,-0.07542
173.5,-42.16796875,1.82044,-0.07518
173.50234375,-42.16796875,1.82808,-0.0749
173.5046875,-42.16796875,1.83571,-0.07456
173.50703125,-42.16796875,1.84333,-0.07416
173.509375,-42.16796875,1.85095,-0.07369
173.51171875,-42.16796875,1.85856,-0.07314
173.5140625,-42.16796875,1.86619,-0.0725
173.51640625,-42.16796875,1.87381,-0.07175
173.51875,-42.16796875,1.88146,-0.07088
173.52109375,-42.16796875,1.88911,-0.06988
173.47421875,-42.166015625,1.74239,-0.074
173.4765625,-42.166015625,1.75031,-0.07371
173.47890625,-42.166015625,1.75823,-0.07341
173.48125,-42.166015625,1.76616,-0.07312
173.48359375,-42.166015625,1.7738,-0.07287
173.4859375,-42.166015625,1.78147,-0.07257
173.48828125,-42.166015625,1.78911,-0.07223
173.490625,-42.166015625,1.7967,-0.07186
173.49296875,-42.166015625,1.80426,-0.07147
173.4953125,-42.166015625,1.81187,-0.07101
173.49765625,-42.166015625,1.81944,-0.07051
173.5,-42.166015625,1.82698,-0.06996
173.50234375,-42.166015625,1.83448,-0.06937
173.5046875,-42.166015625,1.84196,-0.06872
173.50703125,-42.166015625,1.84941,-0.06801
173.509375,-42.166015625,1.85684,-0.06723
173.51171875,-42.166015625,1.86426,-0.06636
173.5140625,-42.166015625,1.87168,-0.0654
173.51640625,-42.166015625,1.87908,-0.06433
173.51875,-42.166015625,1.88649,-0.06314
173.52109375,-42.166015625,1.89389,-0.06182
173.47421875,-42.1640625,1.74963,-0.07185
173.4765625,-42.1640625,1.75751,-0.07132
173.47890625,-42.1640625,1.76539,-0.07079
173.48125,-42.1640625,1.77326,-0.07026
173.48359375,-42.1640625,1.78128,-0.06962
173.4859375,-42.1640625,1.789,-0.06899
173.48828125,-42.1640625,1.79661,-0.06835
173.490625,-42.1640625,1.80416,-0.06768
173.49296875,-42.1640625,1.81163,-0.06698
173.4953125,-42.1640625,1.81916,-0.06621
173.49765625,-42.1640625,1.82665,-0.0654
173.5,-42.1640625,1.83409,-0.06453
173.50234375,-42.1640625,1.84148,-0.06362
173.5046875,-42.1640625,1.84883,-0.06264
173.50703125,-42.1640625,1.85614,-0.06159
173.509375,-42.1640625,1.86342,-0.06047
173.51171875,-42.1640625,1.87067,-0.05926
173.5140625,-42.1640625,1.8779,-0.05796
173.51640625,-42.1640625,1.88511,-0.05655
173.51875,-42.1640625,1.8923,-0.05502
173.52109375,-42.1640625,1.89948,-0.05337
173.47421875,-42.162109375,1.75803,-0.06946
173.4765625,-42.162109375,1.76595,-0.06868
173.47890625,-42.162109375,1.77387,-0.0679
173.48125,-42.162109375,1.78179,-0.06711
173.48359375,-42.162109375,1.7894,-0.06622
173.4859375,-42.162109375,1.79701,-0.06532
173.48828125,-42.162109375,1.80458,-0.06438
173.490625,-42.162109375,1.8121,-0.0634
173.49296875,-42.162109375,1.81956,-0.06237
173.4953125,-42.162109375,1.82699,-0.06128
173.49765625,-42.162109375,1.83442,-0.06014
173.5,-42.162109375,1.84179,-0.05894
173.50234375,-42.162109375,1.84909,-0.05769
173.5046875,-42.162109375,1.85635,-0.05636
173.50703125,-42.162109375,1.86355,-0.05496
173.509375,-42.162109375,1.87071,-0.05348
173.51171875,-42.162109375,1.87782,-0.05192
173.5140625,-42.162109375,1.8849,-0.05025
173.51640625,-42.162109375,1.89194,-0.04848
173.51875,-42.162109375,1.89896,-0.04659
173.52109375,-42.162109375,1.90594,-0.04458
173.47421875,-42.16015625,1.76642,-0.06708
173.4765625,-42.16015625,1.77439,-0.06604
173.47890625,-42.16015625,1.78235,-0.065
173.48125,-42.16015625,1.79032,-0.06396
173.48359375,-42.16015625,1.79786,-0.06277
173.4859375,-42.16015625,1.80543,-0.06158
173.48828125,-42.16015625,1.813,-0.06034
173.490625,-42.16015625,1.82051,-0.05905
173.49296875,-42.16015625,1.82797,-0.0577
173.4953125,-42.16015625,1.83536,-0.05628
173.49765625,-42.16015625,1.84276,-0.0548
173.5,-42.16015625,1.8501,-0.05326
173.50234375,-42.16015625,1.85735,-0.05165
173.5046875,-42.16015625,1.86454,-0.04996
173.50703125,-42.16015625,1.87167,-0.0482
173.509375,-42.16015625,1.87874,-0.04635
173.51171875,-42.16015625,1.88576,-0.0444
173.5140625,-42.16015625,1.89272,-0.04236
173.51640625,-42.16015625,1.89963,-0.04021
173.51875,-42.16015625,1.9065,-0.03793
173.52109375,-42.16015625,1.91333,-0.03553
173.47421875,-42.158203125,1.77482,-0.06469
173.4765625,-42.158203125,1.78283,-0.0634
173.47890625,-42.158203125,1.79084,-0.06211
173.48125,-42.158203125,1.79885,-0.06081
173.48359375,-42.158203125,1.80662,-0.05929
173.4859375,-42.158203125,1.81422,-0.05784
173.48828125,-42.158203125,1.82185,-0.05632
173.490625,-42.158203125,1.82941,-0.05471
173.49296875,-42.158203125,1.8369,-0.05303
173.4953125,-42.158203125,1.84432,-0.05128
173.49765625,-42.158203125,1.85169,-0.04945
173.5,-42.158203125,1.85903,-0.04755
173.50234375,-42.158203125,1.86627,-0.04558
173.5046875,-42.158203125,1.87344,-0.04352
173.50703125,-42.158203125,1.88053,-0.04138
173.509375,-42.158203125,1.88755,-0.03914
173.51171875,-42.158203125,1.8945,-0.03681
173.5140625,-42.158203125,1.90138,-0.03437
173.51640625,-42.158203125,1.9082,-0.03182
173.51875,-42.158203125,1.91497,-0.02914
173.52109375,-42.158203125,1.92167,-0.02634
173.47421875,-42.15625,1.78322,-0.06231
173.4765625,-42.15625,1.79127,-0.06076
173.47890625,-42.15625,1.79932,-0.05921
173.48125,-42.15625,1.80738,-0.05766
173.48359375,-42.15625,1.81518,-0.05584
173.4859375,-42.15625,1.82334,-0.05418
173.48828125,-42.15625,1.83113,-0.05236
173.490625,-42.15625,1.83878,-0.05044
173.49296875,-42.15625,1.84634,-0.04843
173.4953125,-42.15625,1.85381,-0.04634
173.49765625,-42.15625,1.8612,-0.04415
173.5,-42.15625,1.86857,-0.04189
173.50234375,-42.15625,1.87584,-0.03956
173.5046875,-42.15625,1.88303,-0.03712
173.50703125,-42.15625,1.89012,-0.03459
173.509375,-42.15625,1.89713,-0.03197
173.51171875,-42.15625,1.90406,-0.02923
173.5140625,-42.15625,1.91091,-0.02638
173.51640625,-42.15625,1.91768,-0.02342
173.51875,-42.15625,1.92437,-0.02033
173.52109375,-42.15625,1.931,-0.0171
173.47421875,-42.154296875,1.79271,-0.06025
173.4765625,-42.154296875,1.8009,-0.05847
173.47890625,-42.154296875,1.80909,-0.05668
173.48125,-42.154296875,1.81728,-0.0549
173.48359375,-42.154296875,1.82522,-0.05281
173.4859375,-42.154296875,1.83316,-0.05071
173.48828125,-42.154296875,1.84095,-0.04855
173.490625,-42.154296875,1.84865,-0.04629
173.49296875,-42.154296875,1.85629,-0.04396
173.4953125,-42.154296875,1.86385,-0.04153
173.49765625,-42.154296875,1.87133,-0.039
173.5,-42.154296875,1.87874,-0.03637
173.50234375,-42.154296875,1.88608,-0.03366
173.5046875,-42.154296875,1.89332,-0.03085
173.50703125,-42.154296875,1.90046,-0.02794
173.509375,-42.154296875,1.9075,-0.02491
173.51171875,-42.154296875,1.91445,-0.02177
173.5140625,-42.154296875,1.9213,-0.01851
173.51640625,-42.154296875,1.92806,-0.01513
173.51875,-42.154296875,1.93474,-0.01161
173.52109375,-42.154296875,1.94133,-0.00796
173.47421875,-42.15234375,1.8022,-0.05819
173.4765625,-42.15234375,1.81053,-0.05617
173.47890625,-42.15234375,1.81885,-0.05415
173.48125,-42.15234375,1.82718,-0.05213
173.48359375,-42.15234375,1.83526,-0.04977
173.4859375,-42.15234375,1.84334,-0.0474
173.48828125,-42.15234375,1.85117,-0.04489
173.490625,-42.15234375,1.85894,-0.04232
173.49296875,-42.15234375,1.8667,-0.03967
173.4953125,-42.15234375,1.87438,-0.03692
173.49765625,-42.15234375,1.88199,-0.03405
173.5,-42.15234375,1.88951,-0.03107
173.50234375,-42.15234375,1.89693,-0.02798
173.5046875,-42.15234375,1.90426,-0.0248
173.50703125,-42.15234375,1.91149,-0.02151
173.509375,-42.15234375,1.91861,-0.01809
173.51171875,-42.15234375,1.92562,-0.01455
173.5140625,-42.15234375,1.93252,-0.01088
173.51640625,-42.15234375,1.93932,-0.00707
173.51875,-42.15234375,1.94602,-0.00313
173.52109375,-42.15234375,1.95263,0.00096
173.47421875,-42.150390625,1.8117,-0.05614
173.4765625,-42.150390625,1.82016,-0.05388
173.47890625,-42.150390625,1.82862,-0.05162
173.48125,-42.150390625,1.83708,-0.04937
173.48359375,-42.150390625,1.8453,-0.04673
173.4859375,-42.150390625,1.85352,-0.04408
173.48828125,-42.150390625,1.86174,-0.04144
173.490625,-42.150390625,1.86959,-0.03854
173.49296875,-42.150390625,1.87752,-0.03563
173.4953125,-42.150390625,1.88538,-0.03258
173.49765625,-42.150390625,1.89314,-0.02939
173.5,-42.150390625,1.90081,-0.02606
173.50234375,-42.150390625,1.90836,-0.0226
173.5046875,-42.150390625,1.91583,-0.01907
173.50703125,-42.150390625,1.92318,-0.0154
173.509375,-42.150390625,1.93042,-0.01161
173.51171875,-42.150390625,1.93753,-0.00767
173.5140625,-42.150390625,1.94453,-0.0036
173.51640625,-42.150390625,1.95142,0.00062
173.51875,-42.150390625,1.95819,0.00499
173.52109375,-42.150390625,1.96485,0.00951
173.47421875,-42.1484375,1.82119,-0.05408
173.4765625,-42.1484375,1.82979,-0.05159
173.47890625,-42.1484375,1.83838,-0.0491
173.48125,-42.1484375,1.84698,-0.04661
173.48359375,-42.1484375,1.85534,-0.04369
173.4859375,-42.1484375,1.8637,-0.04077
173.48828125,-42.1484375,1.87206,-0.03785
173.490625,-42.1484375,1.88043,-0.03494
173.49296875,-42.1484375,1.88872,-0.03191
173.4953125,-42.1484375,1.89679,-0.02858
173.49765625,-42.1484375,1.90474,-0.02507
173.5,-42.1484375,1.91259,-0.02142
173.50234375,-42.1484375,1.92032,-0.01764
173.5046875,-42.1484375,1.92794,-0.01372
173.50703125,-42.1484375,1.93546,-0.00971
173.509375,-42.1484375,1.94286,-0.00555
173.51171875,-42.1484375,1.95013,-0.00124
173.5140625,-42.1484375,1.95727,0.00322
173.51640625,-42.1484375,1.96428,0.00784
173.51875,-42.1484375,1.97117,0.01261
173.52109375,-42.1484375,1.97794,0.01756
173.47421875,-42.146484375,1.83139,-0.05288
173.4765625,-42.146484375,1.84018,-0.05021
173.47890625,-42.146484375,1.84898,-0.04754
173.48125,-42.146484375,1.85778,-0.04487
173.48359375,-42.146484375,1.86636,-0.04174
173.4859375,-42.146484375,1.87494,-0.03862
173.48828125,-42.146484375,1.88353,-0.0355
173.490625,-42.146484375,1.89211,-0.03238
173.49296875,-42.146484375,1.90038,-0.02875
173.4953125,-42.146484375,1.9086,-0.02501
173.49765625,-42.146484375,1.91674,-0.02117
173.5,-42.146484375,1.92479,-0.0172
173.50234375,-42.146484375,1.93273,-0.01311
173.5046875,-42.146484375,1.94056,-0.00888
173.50703125,-42.146484375,1.94827,-0.00451
173.509375,-42.146484375,1.95586,-0.00002
173.51171875,-42.146484375,1.96331,0.00464
173.5140625,-42.146484375,1.97063,0.00947
173.51640625,-42.146484375,1.97782,0.01446
173.51875,-42.146484375,1.98488,0.01963
173.52109375,-42.146484375,1.99181,0.02498
173.47421875,-42.14453125,1.84158,-0.05168
173.4765625,-42.14453125,1.85058,-0.04883
173.47890625,-42.14453125,1.85958,-0.04598
173.48125,-42.14453125,1.86857,-0.04313
173.48359375,-42.14453125,1.87738,-0.0398
173.4859375,-42.14453125,1.88618,-0.03647
173.48828125,-42.14453125,1.89499,-0.03314
173.490625,-42.14453125,1.90379,-0.02982
173.49296875,-42.14453125,1.9123,-0.02594
173.4953125,-42.14453125,1.92069,-0.02184
173.49765625,-42.14453125,1.92903,-0.01768
173.5,-42.14453125,1.93732,-0.01344
173.50234375,-42.14453125,1.94549,-0.00907
173.5046875,-42.14453125,1.95356,-0.00456
173.50703125,-42.14453125,1.9615,0.00012
173.509375,-42.14453125,1.96932,0.00493
173.51171875,-42.14453125,1.977,0.00991
173.5140625,-42.14453125,1.98453,0.01507
173.51640625,-42.14453125,1.99193,0.02041
173.51875,-42.14453125,1.99919,0.02595
173.52109375,-42.14453125,2.00633,0.03168
173.47421875,-42.142578125,1.85177,-0.05048
173.4765625,-42.142578125,1.86097,-0.04745
173.47890625,-42.142578125,1.87017,-0.04442
173.48125,-42.142578125,1.87937,-0.04139
173.48359375,-42.142578125,1.8884,-0.03786
173.4859375,-42.142578125,1.89742,-0.03432
173.48828125,-42.142578125,1.90645,-0.03079
173.490625,-42.142578125,1.91548,-0.02726
173.49296875,-42.142578125,1.92421,-0.02315
173.4953125,-42.142578125,1.93295,-0.01904
173.49765625,-42.142578125,1.94154,-0.01463
173.5,-42.142578125,1.95009,-0.01017
173.50234375,-42.142578125,1.95853,-0.00557
173.5046875,-42.142578125,1.96686,-0.00081
173.50703125,-42.142578125,1.97506,0.00412
173.509375,-42.142578125,1.98313,0.00922
173.51171875,-42.142578125,1.99106,0.01449
173.5140625,-42.142578125,1.99885,0.01996
173.51640625,-42.142578125,2.00649,0.02562
173.51875,-42.142578125,2.014,0.03149
173.52109375,-42.142578125,2.02138,0.03757
173.47421875,-42.140625,1.86197,-0.04928
173.4765625,-42.140625,1.87137,-0.04607
173.47890625,-42.140625,1.88077,-0.04286
173.48125,-42.140625,1.89017,-0.03965
173.48359375,-42.140625,1.89942,-0.03591
173.4859375,-42.140625,1.90866,-0.03218
173.48828125,-42.140625,1.91791,-0.02844
173.490625,-42.140625,1.92716,-0.0247
173.49296875,-42.140625,1.93613,-0.02035
173.4953125,-42.140625,1.94511,-0.01601
173.49765625,-42.140625,1.95414,-0.01196
173.5,-42.140625,1.96302,-0.00743
173.50234375,-42.140625,1.97175,-0.00264
173.5046875,-42.140625,1.98037,0.00233
173.50703125,-42.140625,1.98885,0.0075
173.509375,-42.140625,1.9972,0.01284
173.51171875,-42.140625,2.0054,0.01837
173.5140625,-42.140625,2.01346,0.0241
173.51640625,-42.140625,2.02138,0.03005
173.51875,-42.140625,2.02916,0.03622
173.52109375,-42.140625,2.03682,0.04261
173.47421875,-42.138671875,1.87226,-0.04927
173.4765625,-42.138671875,1.88188,-0.04595
173.47890625,-42.138671875,1.8915,-0.04263
173.48125,-42.138671875,1.90113,-0.03932
173.48359375,-42.138671875,1.91062,-0.03546
173.4859375,-42.138671875,1.92011,-0.03161
173.48828125,-42.138671875,1.9296,-0.02776
173.490625,-42.138671875,1.93909,-0.0239
173.49296875,-42.138671875,1.94833,-0.01943
173.4953125,-42.138671875,1.95758,-0.01495
173.49765625,-42.138671875,1.96689,-0.01016
173.5,-42.138671875,1.97606,-0.00532
173.50234375,-42.138671875,1.98509,-0.00032
173.5046875,-42.138671875,1.99399,0.00486
173.50703125,-42.138671875,2.00276,0.01022
173.509375,-42.138671875,2.01139,0.01577
173.51171875,-42.138671875,2.01989,0.02152
173.5140625,-42.138671875,2.02824,0.02748
173.51640625,-42.138671875,2.03646,0.03368
173.51875,-42.138671875,2.04454,0.04011
173.52109375,-42.138671875,2.0525,0.04679
173.47421875,-42.13671875,1.88255,-0.04925
173.4765625,-42.13671875,1.8924,-0.04583
173.47890625,-42.13671875,1.90224,-0.04241
173.48125,-42.13671875,1.91208,-0.03899
173.48359375,-42.13671875,1.92182,-0.03502
173.4859375,-42.13671875,1.93156,-0.03105
173.48828125,-42.13671875,1.94129,-0.02707
173.490625,-42.13671875,1.95103,-0.0231
173.49296875,-42.13671875,1.96053,-0.0185
173.4953125,-42.13671875,1.97015,-0.01367
173.49765625,-42.13671875,1.97969,-0.00876
173.5,-42.13671875,1.98913,-0.00375
173.50234375,-42.13671875,1.99844,0.00142
173.5046875,-42.13671875,2.00763,0.00676
173.50703125,-42.13671875,2.01669,0.0123
173.509375,-42.13671875,2.02562,0.01801
173.51171875,-42.13671875,2.03441,0.02395
173.5140625,-42.13671875,2.04307,0.03011
173.51640625,-42.13671875,2.0516,0.03652
173.51875,-42.13671875,2.06,0.04318
173.52109375,-42.13671875,2.06828,0.05011
173.47421875,-42.134765625,1.89284,-0.04924
173.4765625,-42.134765625,1.90291,-0.04571
173.47890625,-42.134765625,1.91297,-0.04218
173.48125,-42.134765625,1.92304,-0.03865
173.48359375,-42.134765625,1.93302,-0.03457
173.4859375,-42.134765625,1.943,-0.03048
173.48828125,-42.134765625,1.95298,-0.02639
173.490625,-42.134765625,1.96296,-0.02231
173.49296875,-42.134765625,1.97281,-0.01763
173.4953125,-42.134765625,1.98265,-0.0128
173.49765625,-42.134765625,1.99243,-0.00783
173.5,-42.134765625,2.00214,-0.00271
173.50234375,-42.134765625,2.01172,0.00259
173.5046875,-42.134765625,2.02119,0.00806
173.50703125,-42.134765625,2.03054,0.01373
173.509375,-42.134765625,2.03976,0.01959
173.51171875,-42.134765625,2.04886,0.02568
173.5140625,-42.134765625,2.05783,0.03201
173.51640625,-42.134765625,2.06668,0.0386
173.51875,-42.134765625,2.0754,0.04546
173.52109375,-42.134765625,2.08402,0.0526
173.47421875,-42.1328125,1.90314,-0.04922
173.4765625,-42.1328125,1.91342,-0.04559
173.47890625,-42.1328125,1.92371,-0.04196
173.48125,-42.1328125,1.934,-0.03832
173.48359375,-42.1328125,1.94422,-0.03412
173.4859375,-42.1328125,1.95445,-0.02991
173.48828125,-42.1328125,1.96467,-0.02571
173.490625,-42.1328125,1.97478,-0.02174
173.49296875,-42.1328125,1.9849,-0.01721
173.4953125,-42.1328125,1.99499,-0.0124
173.49765625,-42.1328125,2.00503,-0.00738
173.5,-42.1328125,2.015,-0.00218
173.50234375,-42.1328125,2.02485,0.00321
173.5046875,-42.1328125,2.0346,0.00879
173.50703125,-42.1328125,2.04423,0.01454
173.509375,-42.1328125,2.05374,0.02052
173.51171875,-42.1328125,2.06314,0.02674
173.5140625,-42.1328125,2.07242,0.03322
173.51640625,-42.1328125,2.08159,0.03996
173.51875,-42.1328125,2.09065,0.04699
173.52109375,-42.1328125,2.09961,0.05431
173.47421875,-42.130859375,1.91288,-0.05046
173.4765625,-42.130859375,1.92337,-0.04679
173.47890625,-42.130859375,1.93386,-0.04311
173.48125,-42.130859375,1.94435,-0.03943
173.48359375,-42.130859375,1.95479,-0.03518
173.4859375,-42.130859375,1.96523,-0.03094
173.48828125,-42.130859375,1.97586,-0.02644
173.490625,-42.130859375,1.98634,-0.02201
173.49296875,-42.130859375,1.99676,-0.01736
173.4953125,-42.130859375,2.00712,-0.01249
173.49765625,-42.130859375,2.01742,-0.00742
173.5,-42.130859375,2.02764,-0.00216
173.50234375,-42.130859375,2.03776,0.00331
173.5046875,-42.130859375,2.04777,0.00893
173.50703125,-42.130859375,2.05767,0.01477
173.509375,-42.130859375,2.06747,0.02085
173.51171875,-42.130859375,2.07717,0.02718
173.5140625,-42.130859375,2.08675,0.03377
173.51640625,-42.130859375,2.09624,0.04064
173.51875,-42.130859375,2.10562,0.04781
173.52109375,-42.130859375,2.11493,0.05528
173.47421875,-42.12890625,1.92262,-0.0517
173.4765625,-42.12890625,1.93331,-0.04798
173.47890625,-42.12890625,1.944,-0.04426
173.48125,-42.12890625,1.95469,-0.04054
173.48359375,-42.12890625,1.96535,-0.03625
173.4859375,-42.12890625,1.97601,-0.03196
173.48828125,-42.12890625,1.98693,-0.02736
173.490625,-42.12890625,1.99769,-0.02275
173.49296875,-42.12890625,2.00837,-0.018
173.4953125,-42.12890625,2.01899,-0.01307
173.49765625,-42.12890625,2.02954,-0.00794
173.5,-42.12890625,2.04002,-0.00262
173.50234375,-42.12890625,2.05036,0.00286
173.5046875,-42.12890625,2.06063,0.00854
173.50703125,-42.12890625,2.0708,0.01446
173.509375,-42.12890625,2.08088,0.02062
173.51171875,-42.12890625,2.09086,0.02704
173.5140625,-42.12890625,2.10075,0.03373
173.51640625,-42.12890625,2.11054,0.0407
173.51875,-42.12890625,2.12025,0.04798
173.52109375,-42.12890625,2.12988,0.05557
173.47421875,-42.126953125,1.93236,-0.05294
173.4765625,-42.126953125,1.94326,-0.04918
173.47890625,-42.126953125,1.95415,-0.04541
173.48125,-42.126953125,1.96504,-0.04165
173.48359375,-42.126953125,1.97592,-0.03731
173.4859375,-42.126953125,1.98685,-0.03303
173.48828125,-42.126953125,1.99785,-0.02852
173.490625,-42.126953125,2.0088,-0.02387
173.49296875,-42.126953125,2.01971,-0.01906
173.4953125,-42.126953125,2.03056,-0.01408
173.49765625,-42.126953125,2.04135,-0.00891
173.5,-42.126953125,2.05203,-0.00359
173.50234375,-42.126953125,2.06262,0.00193
173.5046875,-42.126953125,2.07313,0.00767
173.50703125,-42.126953125,2.08356,0.01365
173.509375,-42.126953125,2.0939,0.01987
173.51171875,-42.126953125,2.10416,0.02636
173.5140625,-42.126953125,2.11433,0.03313
173.51640625,-42.126953125,2.12442,0.04019
173.51875,-42.126953125,2.13444,0.04756
173.52109375,-42.126953125,2.14439,0.05525
173.47421875,-42.125,1.94211,-0.05418
173.4765625,-42.125,1.9532,-0.05037
173.47890625,-42.125,1.96429,-0.04656
173.48125,-42.125,1.97539,-0.04276
173.48359375,-42.125,1.98623,-0.03879
173.4859375,-42.125,1.99731,-0.03451
173.48828125,-42.125,2.00846,-0.03002
173.490625,-42.125,2.01961,-0.02535
173.49296875,-42.125,2.03072,-0.02052
173.4953125,-42.125,2.0418,-0.01549
173.49765625,-42.125,2.05276,-0.01034
173.5,-42.125,2.06366,-0.00499
173.50234375,-42.125,2.07448,0.00057
173.5046875,-42.125,2.08522,0.00636
173.50703125,-42.125,2.0959,0.01238
173.509375,-42.125,2.10649,0.01865
173.51171875,-42.125,2.11701,0.0252
173.5140625,-42.125,2.12746,0.03203
173.51640625,-42.125,2.13783,0.03916
173.51875,-42.125,2.14814,0.0466
173.52109375,-42.125,2.1584,0.05438
173.47421875,-42.123046875,1.95078,-0.05652
173.4765625,-42.123046875,1.96203,-0.05271
173.47890625,-42.123046875,1.97329,-0.0489
173.48125,-42.123046875,1.98454,-0.0451
173.48359375,-42.123046875,1.99601,-0.04076
173.4859375,-42.123046875,2.00738,-0.03639
173.48828125,-42.123046875,2.01873,-0.03187
173.490625,-42.123046875,2.03007,-0.02719
173.49296875,-42.123046875,2.04137,-0.02234
173.4953125,-42.123046875,2.05262,-0.01732
173.49765625,-42.123046875,2.06378,-0.01215
173.5,-42.123046875,2.07489,-0.00677
173.50234375,-42.123046875,2.08592,-0.00118
173.5046875,-42.123046875,2.09688,0.00463
173.50703125,-42.123046875,2.10779,0.01069
173.509375,-42.123046875,2.11862,0.017
173.51171875,-42.123046875,2.12938,0.02359
173.5140625,-42.123046875,2.14008,0.03047
173.51640625,-42.123046875,2.15072,0.03765
173.51875,-42.123046875,2.16131,0.04516
173.52109375,-42.123046875,2.17187,0.05299
173.47421875,-42.12109375,1.95946,-0.05886
173.4765625,-42.12109375,1.97087,-0.05505
173.47890625,-42.12109375,1.98228,-0.05124
173.48125,-42.12109375,1.99392,-0.04717
173.48359375,-42.12109375,2.00552,-0.04293
173.4859375,-42.12109375,2.01708,-0.03855
173.48828125,-42.12109375,2.02862,-0.03403
173.490625,-42.12109375,2.04014,-0.02934
173.49296875,-42.12109375,2.05164,-0.02448
173.4953125,-42.12109375,2.06302,-0.01949
173.49765625,-42.12109375,2.07436,-0.0143
173.5,-42.12109375,2.08566,-0.00891
173.50234375,-42.12109375,2.09689,-0.00331
173.5046875,-42.12109375,2.10807,0.00253
173.50703125,-42.12109375,2.11918,0.00862
173.509375,-42.12109375,2.13023,0.01496
173.51171875,-42.12109375,2.14123,0.02158
173.5140625,-42.12109375,2.15217,0.0285
173.51640625,-42.12109375,2.16306,0.03572
173.51875,-42.12109375,2.17391,0.04327
173.52109375,-42.12109375,2.18473,0.05116
173.47421875,-42.119140625,1.96813,-0.0612
173.4765625,-42.119140625,1.9797,-0.05739
173.47890625,-42.119140625,1.99127,-0.05358
173.48125,-42.119140625,2.00298,-0.04954
173.48359375,-42.119140625,2.0147,-0.04535
173.4859375,-42.119140625,2.02641,-0.041
173.48828125,-42.119140625,2.03811,-0.03649
173.490625,-42.119140625,2.04979,-0.03181
173.49296875,-42.119140625,2.06142,-0.02696
173.4953125,-42.119140625,2.07297,-0.02197
173.49765625,-42.119140625,2.08449,-0.01678
173.5,-42.119140625,2.09597,-0.01138
173.50234375,-42.119140625,2.10738,-0.00576
173.5046875,-42.119140625,2.11874,0.0001
173.50703125,-42.119140625,2.13005,0.0062
173.509375,-42.119140625,2.14131,0.01257
173.51171875,-42.119140625,2.15252,0.01921
173.5140625,-42.119140625,2.16368,0.02616
173.51640625,-42.119140625,2.1748,0.03341
173.51875,-42.119140625,2.18589,0.041
173.52109375,-42.119140625,2.19697,0.04892
173.47421875,-42.1171875,1.9768,-0.06355
173.4765625,-42.1171875,1.98853,-0.05973
173.47890625,-42.1171875,1.99993,-0.05613
173.48125,-42.1171875,2.01166,-0.05218
173.48359375,-42.1171875,2.02349,-0.04803
173.4859375,-42.1171875,2.03533,-0.04371
173.48828125,-42.1171875,2.04718,-0.03921
173.490625,-42.1171875,2.05903,-0.03454
173.49296875,-42.1171875,2.07075,-0.02973
173.4953125,-42.1171875,2.08246,-0.02473
173.49765625,-42.1171875,2.09413,-0.01954
173.5,-42.1171875,2.10577,-0.01414
173.50234375,-42.1171875,2.11735,-0.00851
173.5046875,-42.1171875,2.12889,-0.00265
173.50703125,-42.1171875,2.14038,0.00347
173.509375,-42.1171875,2.15182,0.00985
173.51171875,-42.1171875,2.16323,0.01652
173.5140625,-42.1171875,2.17459,0.02348
173.51640625,-42.1171875,2.18593,0.03076
173.51875,-42.1171875,2.19724,0.03837
173.52109375,-42.1171875,2.20855,0.04632
173.47421875,-42.115234375,1.98404,-0.06674
173.4765625,-42.115234375,1.99588,-0.06295
173.47890625,-42.115234375,2.00789,-0.0591
173.48125,-42.115234375,2.01986,-0.05512
173.48359375,-42.115234375,2.03184,-0.05098
173.4859375,-42.115234375,2.04383,-0.04667
173.48828125,-42.115234375,2.05581,-0.04219
173.490625,-42.115234375,2.06775,-0.03755
173.49296875,-42.115234375,2.07962,-0.03274
173.4953125,-42.115234375,2.09146,-0.02775
173.49765625,-42.115234375,2.10328,-0.02256
173.5,-42.115234375,2.11506,-0.01716
173.50234375,-42.115234375,2.1268,-0.01153
173.5046875,-42.115234375,2.13849,-0.00566
173.50703125,-42.115234375,2.15014,0.00046
173.509375,-42.115234375,2.16176,0.00686
173.51171875,-42.115234375,2.17334,0.01354
173.5140625,-42.115234375,2.18489,0.02052
173.51640625,-42.115234375,2.19642,0.02781
173.51875,-42.115234375,2.20794,0.03544
173.52109375,-42.115234375,2.21945,0.04341
173.47421875,-42.11328125,1.99128,-0.06994
173.4765625,-42.11328125,2.00322,-0.06617
173.47890625,-42.11328125,2.01549,-0.06227
173.48125,-42.11328125,2.02764,-0.05828
173.48359375,-42.11328125,2.03976,-0.05414
173.4859375,-42.11328125,2.05188,-0.04985
173.48828125,-42.11328125,2.06401,-0.04539
173.490625,-42.11328125,2.07601,-0.04078
173.49296875,-42.11328125,2.088,-0.03598
173.4953125,-42.11328125,2.09997,-0.031
173.49765625,-42.11328125,2.11191,-0.02582
173.5,-42.11328125,2.12383,-0.02042
173.50234375,-42.11328125,2.1357,-0.01479
173.5046875,-42.11328125,2.14754,-0.00892
173.50703125,-42.11328125,2.15934,-0.00279
173.509375,-42.11328125,2.17111,0.00361
173.51171875,-42.11328125,2.18285,0.0103
173.5140625,-42.11328125,2.19457,0.01729
173.51640625,-42.11328125,2.20627,0.02459
173.51875,-42.11328125,2.21797,0.03223
173.52109375,-42.11328125,2.22968,0.04021
173.47421875,-42.111328125,1.99851,-0.07314
173.4765625,-42.111328125,2.01063,-0.06942
173.47890625,-42.111328125,2.02282,-0.06559
173.48125,-42.111328125,2.03503,-0.06162
173.48359375,-42.111328125,2.04725,-0.05751
173.4859375,-42.111328125,2.05947,-0.05324
173.48828125,-42.111328125,2.07168,-0.04881
173.490625,-42.111328125,2.08379,-0.04421
173.49296875,-42.111328125,2.09588,-0.03943
173.4953125,-42.111328125,2.10797,-0.03446
173.49765625,-42.111328125,2.12003,-0.02928
173.5,-42.111328125,2.13206,-0.02388
173.50234375,-42.111328125,2.14405,-0.01826
173.5046875,-42.111328125,2.15602,-0.01239
173.50703125,-42.111328125,2.16795,-0.00626
173.509375,-42.111328125,2.17986,0.00014
173.51171875,-42.111328125,2.19175,0.00683
173.5140625,-42.111328125,2.20362,0.01383
173.51640625,-42.111328125,2.21548,0.02114
173.51875,-42.111328125,2.22734,0.02878
173.52109375,-42.111328125,2.23921,0.03676
173.47421875,-42.109375,2.00575,-0.07633
173.4765625,-42.109375,2.01756,-0.07282
173.47890625,-42.109375,2.02973,-0.06906
173.48125,-42.109375,2.04199,-0.06513
173.48359375,-42.109375,2.05429,-0.06105
173.4859375,-42.109375,2.0666,-0.05681
173.48828125,-42.109375,2.07887,-0.0524
173.490625,-42.109375,2.09108,-0.04781
173.49296875,-42.109375,2.10327,-0.04305
173.4953125,-42.109375,2.11545,-0.03809
173.49765625,-42.109375,2.12761,-0.03292
173.5,-42.109375,2.13975,-0.02754
173.50234375,-42.109375,2.15185,-0.02192
173.5046875,-42.109375,2.16393,-0.01605
173.50703125,-42.109375,2.17598,-0.00992
173.509375,-42.109375,2.18801,-0.00352
173.51171875,-42.109375,2.20003,0.00317
173.5140625,-42.109375,2.21203,0.01017
173.51640625,-42.109375,2.22403,0.01748
173.51875,-42.109375,2.23604,0.02512
173.52109375,-42.109375,2.24806,0.03311
173.47421875,-42.107421875,2.01136,-0.08011
173.4765625,-42.107421875,2.02375,-0.07647
173.47890625,-42.107421875,2.03611,-0.07271
173.48125,-42.107421875,2.04849,-0.0688
173.48359375,-42.107421875,2.06088,-0.06475
173.4859375,-42.107421875,2.07329,-0.06053
173.48828125,-42.107421875,2.08559,-0.05614
173.490625,-42.107421875,2.09787,-0.05158
173.49296875,-42.107421875,2.11015,-0.04683
173.4953125,-42.107421875,2.12242,-0.04188
173.49765625,-42.107421875,2.13467,-0.03672
173.5,-42.107421875,2.1469,-0.03135
173.50234375,-42.107421875,2.15909,-0.02573
173.5046875,-42.107421875,2.17127,-0.01987
173.50703125,-42.107421875,2.18343,-0.01375
173.509375,-42.107421875,2.19557,-0.00735
173.51171875,-42.107421875,2.20769,-0.00066
173.5140625,-42.107421875,2.21981,0.00633
173.51640625,-42.107421875,2.23194,0.01364
173.51875,-42.107421875,2.24407,0.02128
173.52109375,-42.107421875,2.25622,0.02927
173.47421875,-42.10546875,2.01696,-0.08389
173.4765625,-42.10546875,2.02958,-0.08024
173.47890625,-42.10546875,2.04206,-0.07649
173.48125,-42.10546875,2.05452,-0.07261
173.48359375,-42.10546875,2.06698,-0.06858
173.4859375,-42.10546875,2.07946,-0.06439
173.48828125,-42.10546875,2.09182,-0.06002
173.490625,-42.10546875,2.10417,-0.05547
173.49296875,-42.10546875,2.11653,-0.05074
173.4953125,-42.10546875,2.12886,-0.04581
173.49765625,-42.10546875,2.14119,-0.04066
173.5,-42.10546875,2.1535,-0.0353
173.50234375,-42.10546875,2.16578,-0.02969
173.5046875,-42.10546875,2.17804,-0.02384
173.50703125,-42.10546875,2.19028,-0.01772
173.509375,-42.10546875,2.20252,-0.01132
173.51171875,-42.10546875,2.21474,-0.00464
173.5140625,-42.10546875,2.22696,0.00235
173.51640625,-42.10546875,2.23919,0.00966
173.51875,-42.10546875,2.25143,0.0173
173.52109375,-42.10546875,2.2637,0.02528
173.47421875,-42.103515625,2.02257,-0.08767
173.4765625,-42.103515625,2.03512,-0.08408
173.47890625,-42.103515625,2.04761,-0.08037
173.48125,-42.103515625,2.06011,-0.07652
173.48359375,-42.103515625,2.07262,-0.07252
173.4859375,-42.103515625,2.08515,-0.06836
173.48828125,-42.103515625,2.09756,-0.06401
173.490625,-42.103515625,2.10998,-0.05949
173.49296875,-42.103515625,2.12239,-0.05477
173.4953125,-42.103515625,2.13479,-0.04985
173.49765625,-42.103515625,2.14718,-0.04472
173.5,-42.103515625,2.15956,-0.03936
173.50234375,-42.103515625,2.17191,-0.03377
173.5046875,-42.103515625,2.18424,-0.02792
173.50703125,-42.103515625,2.19656,-0.02181
173.509375,-42.103515625,2.20887,-0.01542
173.51171875,-42.103515625,2.22118,-0.00874
173.5140625,-42.103515625,2.23349,-0.00175
173.51640625,-42.103515625,2.2458,0.00555
173.51875,-42.103515625,2.25814,0.01318
173.52109375,-42.103515625,2.2705,0.02115
173.47421875,-42.1015625,2.02818,-0.09145
173.4765625,-42.1015625,2.04029,-0.088
173.47890625,-42.1015625,2.05272,-0.08435
173.48125,-42.1015625,2.06524,-0.08054
173.48359375,-42.1015625,2.0778,-0.07657
173.4859375,-42.1015625,2.09036,-0.07243
173.48828125,-42.1015625,2.10283,-0.0681
173.490625,-42.1015625,2.11529,-0.0636
173.49296875,-42.1015625,2.12775,-0.05889
173.4953125,-42.1015625,2.1402,-0.05399
173.49765625,-42.1015625,2.15264,-0.04887
173.5,-42.1015625,2.16508,-0.04352
173.50234375,-42.1015625,2.17748,-0.03794
173.5046875,-42.1015625,2.18987,-0.0321
173.50703125,-42.1015625,2.20226,-0.02599
173.509375,-42.1015625,2.21463,-0.01961
173.51171875,-42.1015625,2.22701,-0.01294
173.5140625,-42.1015625,2.23939,-0.00596
173.51640625,-42.1015625,2.25179,0.00134
173.51875,-42.1015625,2.2642,0.00896
173.52109375,-42.1015625,2.27664,0.01692
173.47421875,-42.099609375,2.0321,-0.09556
173.4765625,-42.099609375,2.04474,-0.09206
173.47890625,-42.099609375,2.05732,-0.08842
173.48125,-42.099609375,2.06991,-0.08464
173.48359375,-42.099609375,2.0825,-0.08069
173.4859375,-42.099609375,2.0951,-0.07658
173.48828125,-42.099609375,2.1076,-0.07228
173.490625,-42.099609375,2.12011,-0.06779
173.49296875,-42.099609375,2.13261,-0.0631
173.4953125,-42.099609375,2.1451,-0.05821
173.49765625,-42.099609375,2.15758,-0.0531
173.5,-42.099609375,2.17006,-0.04777
173.50234375,-42.099609375,2.18251,-0.04219
173.5046875,-42.099609375,2.19495,-0.03636
173.50703125,-42.099609375,2.20738,-0.03026
173.509375,-42.099609375,2.21982,-0.02389
173.51171875,-42.099609375,2.23225,-0.01722
173.5140625,-42.099609375,2.24469,-0.01025
173.51640625,-42.099609375,2.25714,-0.00296
173.51875,-42.099609375,2.26962,0.00466
173.52109375,-42.099609375,2.28212,0.01261
173.47421875,-42.09765625,2.03603,-0.09968
173.4765625,-42.09765625,2.04883,-0.09618
173.47890625,-42.09765625,2.06149,-0.09256
173.48125,-42.09765625,2.07412,-0.0888
173.48359375,-42.09765625,2.08674,-0.08488
173.4859375,-42.09765625,2.09937,-0.0808
173.48828125,-42.09765625,2.1119,-0.07651
173.490625,-42.09765625,2.12443,-0.07204
173.49296875,-42.09765625,2.13696,-0.06737
173.4953125,-42.09765625,2.14948,-0.06249
173.49765625,-42.09765625,2.162,-0.0574
173.5,-42.09765625,2.17451,-0.05207
173.50234375,-42.09765625,2.187,-0.0465
173.5046875,-42.09765625,2.19947,-0.04068
173.50703125,-42.09765625,2.21195,-0.03459
173.509375,-42.09765625,2.22442,-0.02822
173.51171875,-42.09765625,2.2369,-0.02156
173.5140625,-42.09765625,2.24939,-0.0146
173.51640625,-42.09765625,2.26189,-0.00732
173.51875,-42.09765625,2.27441,0.00029
173.52109375,-42.09765625,2.28696,0.00824
173.47421875,-42.095703125,2.03995,-0.10379
173.4765625,-42.095703125,2.05264,-0.10033
173.47890625,-42.095703125,2.06527,-0.09675
173.48125,-42.095703125,2.0779,-0.09302
173.48359375,-42.095703125,2.09053,-0.08913
173.4859375,-42.095703125,2.10318,-0.08507
173.48828125,-42.095703125,2.11573,-0.0808
173.490625,-42.095703125,2.12828,-0.07634
173.49296875,-42.095703125,2.14082,-0.07169
173.4953125,-42.095703125,2.15337,-0.06682
173.49765625,-42.095703125,2.16591,-0.06174
173.5,-42.095703125,2.17844,-0.05642
173.50234375,-42.095703125,2.19095,-0.05086
173.5046875,-42.095703125,2.20346,-0.04505
173.50703125,-42.095703125,2.21596,-0.03897
173.509375,-42.095703125,2.22846,-0.0326
173.51171875,-42.095703125,2.24097,-0.02595
173.5140625,-42.095703125,2.25349,-0.01899
173.51640625,-42.095703125,2.26603,-0.01172
173.51875,-42.095703125,2.27859,-0.00412
173.52109375,-42.095703125,2.29118,0.00381
173.47421875,-42.09375,2.04387,-0.1079
173.4765625,-42.09375,2.0561,-0.10452
173.47890625,-42.09375,2.06862,-0.10097
173.48125,-42.09375,2.08123,-0.09727
173.48359375,-42.09375,2.09387,-0.09341
173.4859375,-42.09375,2.10652,-0.08937
173.48828125,-42.09375,2.11908,-0.08512
173.490625,-42.09375,2.13164,-0.08068
173.49296875,-42.09375,2.1442,-0.07604
173.4953125,-42.09375,2.15676,-0.07119
173.49765625,-42.09375,2.16931,-0.06611
173.5,-42.09375,2.18186,-0.06081
173.50234375,-42.09375,2.19438,-0.05526
173.5046875,-42.09375,2.20691,-0.04945
173.50703125,-42.09375,2.21943,-0.04337
173.509375,-42.09375,2.23195,-0.03702
173.51171875,-42.09375,2.24449,-0.03037
173.5140625,-42.09375,2.25703,-0.02342
173.51640625,-42.09375,2.26959,-0.01615
173.51875,-42.09375,2.28218,-0.00856
173.52109375,-42.09375,2.29479,-0.00064
173.47421875,-42.091796875,2.04616,-0.11214
173.4765625,-42.091796875,2.05886,-0.10875
173.47890625,-42.091796875,2.0715,-0.10523
173.48125,-42.091796875,2.08413,-0.10155
173.48359375,-42.091796875,2.09678,-0.09771
173.4859375,-42.091796875,2.10943,-0.0937
173.48828125,-42.091796875,2.12199,-0.08947
173.490625,-42.091796875,2.13456,-0.08504
173.49296875,-42.091796875,2.14712,-0.08041
173.4953125,-42.091796875,2.15968,-0.07557
173.49765625,-42.091796875,2.17223,-0.07051
173.5,-42.091796875,2.18479,-0.06521
173.50234375,-42.091796875,2.19732,-0.05967
173.5046875,-42.091796875,2.20985,-0.05387
173.50703125,-42.091796875,2.22238,-0.0478
173.509375,-42.091796875,2.23492,-0.04145
173.51171875,-42.091796875,2.24746,-0.03481
173.5140625,-42.091796875,2.26002,-0.02786
173.51640625,-42.091796875,2.27259,-0.0206
173.51875,-42.091796875,2.28519,-0.01302
173.52109375,-42.091796875,2.29782,-0.0051
173.47421875,-42.08984375,2.04844,-0.11638
173.4765625,-42.08984375,2.06129,-0.113
173.47890625,-42.08984375,2.07396,-0.10949
173.48125,-42.08984375,2.0866,-0.10584
173.48359375,-42.08984375,2.09924,-0.10202
173.4859375,-42.08984375,2.11189,-0.09805
173.48828125,-42.08984375,2.12445,-0.09383
173.490625,-42.08984375,2.13701,-0.08941
173.49296875,-42.08984375,2.14956,-0.0848
173.4953125,-42.08984375,2.16212,-0.07996
173.49765625,-42.08984375,2.17467,-0.07491
173.5,-42.08984375,2.18722,-0.06962
173.50234375,-42.08984375,2.19976,-0.06408
173.5046875,-42.08984375,2.21229,-0.05829
173.50703125,-42.08984375,2.22482,-0.05223
173.509375,-42.08984375,2.23736,-0.04588
173.51171875,-42.08984375,2.2499,-0.03925
173.5140625,-42.08984375,2.26246,-0.03231
173.51640625,-42.08984375,2.27504,-0.02506
173.51875,-42.08984375,2.28765,-0.01748
173.52109375,-42.08984375,2.30028,-0.00957
173.47421875,-42.087890625,2.05073,-0.12062
173.4765625,-42.087890625,2.06349,-0.11724
173.47890625,-42.087890625,2.07606,-0.11375
173.48125,-42.087890625,2.08865,-0.11012
173.48359375,-42.087890625,2.10125,-0.10633
173.4859375,-42.087890625,2.11386,-0.10236
173.48828125,-42.087890625,2.12646,-0.09819
173.490625,-42.087890625,2.139,-0.09378
173.49296875,-42.087890625,2.15155,-0.08918
173.4953125,-42.087890625,2.16409,-0.08436
173.49765625,-42.087890625,2.17664,-0.07931
173.5,-42.087890625,2.18918,-0.07403
173.50234375,-42.087890625,2.2017,-0.0685
173.5046875,-42.087890625,2.21422,-0.06271
173.50703125,-42.087890625,2.22675,-0.05665
173.509375,-42.087890625,2.23928,-0.05031
173.51171875,-42.087890625,2.25182,-0.04368
173.5140625,-42.087890625,2.26438,-0.03675
173.51640625,-42.087890625,2.27695,-0.0295
173.51875,-42.087890625,2.28955,-0.02193
173.52109375,-42.087890625,2.30218,-0.01403
173.47421875,-42.0859375,2.05301,-0.12485
173.4765625,-42.0859375,2.0655,-0.12143
173.47890625,-42.0859375,2.07776,-0.118
173.48125,-42.0859375,2.09026,-0.1144
173.48359375,-42.0859375,2.10283,-0.11063
173.4859375,-42.0859375,2.11543,-0.10668
173.48828125,-42.0859375,2.12803,-0.10254
173.490625,-42.0859375,2.14056,-0.09815
173.49296875,-42.0859375,2.15308,-0.09355
173.4953125,-42.0859375,2.16561,-0.08874
173.49765625,-42.0859375,2.17813,-0.0837
173.5,-42.0859375,2.19066,-0.07842
173.50234375,-42.0859375,2.20316,-0.07289
173.5046875,-42.0859375,2.21567,-0.06711
173.50703125,-42.0859375,2.22818,-0.06105
173.509375,-42.0859375,2.2407,-0.05472
173.51171875,-42.0859375,2.25323,-0.04809
173.5140625,-42.0859375,2.26577,-0.04116
173.51640625,-42.0859375,2.27833,-0.03392
173.51875,-42.0859375,2.29091,-0.02636
173.52109375,-42.0859375,2.30353,-0.01847
173.47421875,-42.083984375,2.05373,-0.12906
173.4765625,-42.083984375,2.06618,-0.12565
173.47890625,-42.083984375,2.07882,-0.12225
173.48125,-42.083984375,2.0914,-0.11867
173.48359375,-42.083984375,2.10398,-0.11492
173.4859375,-42.083984375,2.11657,-0.11098
173.48828125,-42.083984375,2.12917,-0.10687
173.490625,-42.083984375,2.14167,-0.10249
173.49296875,-42.083984375,2.15417,-0.0979
173.4953125,-42.083984375,2.16668,-0.09309
173.49765625,-42.083984375,2.17918,-0.08806
173.5,-42.083984375,2.19168,-0.08279
173.50234375,-42.083984375,2.20416,-0.07727
173.5046875,-42.083984375,2.21665,-0.07149
173.50703125,-42.083984375,2.22914,-0.06543
173.509375,-42.083984375,2.24163,-0.0591
173.51171875,-42.083984375,2.25414,-0.05248
173.5140625,-42.083984375,2.26666,-0.04556
173.51640625,-42.083984375,2.2792,-0.03832
173.51875,-42.083984375,2.29177,-0.03076
173.52109375,-42.083984375,2.30436,-0.02287
173.47421875,-42.08203125,2.05444,-0.13327
173.4765625,-42.08203125,2.06687,-0.12987
173.47890625,-42.08203125,2.07954,-0.12649
173.48125,-42.08203125,2.09215,-0.12293
173.48359375,-42.08203125,2.10472,-0.11919
173.4859375,-42.08203125,2.11728,-0.11526
173.48828125,-42.08203125,2.12983,-0.11114
173.490625,-42.08203125,2.14236,-0.1068
173.49296875,-42.08203125,2.15484,-0.10222
173.4953125,-42.08203125,2.16731,-0.09742
173.49765625,-42.08203125,2.17978,-0.09239
173.5,-42.08203125,2.19225,-0.08713
173.50234375,-42.08203125,2.20471,-0.08161
173.5046875,-42.08203125,2.21716,-0.07583
173.50703125,-42.08203125,2.22963,-0.06978
173.509375,-42.08203125,2.2421,-0.06345
173.51171875,-42.08203125,2.25457,-0.05683
173.5140625,-42.08203125,2.26707,-0.04991
173.51640625,-42.08203125,2.27958,-0.04268
173.51875,-42.08203125,2.29212,-0.03512
173.52109375,-42.08203125,2.30468,-0.02724
173.47421875,-42.080078125,2.05516,-0.13747
173.4765625,-42.080078125,2.06755,-0.13409
173.47890625,-42.080078125,2.07994,-0.13072
173.48125,-42.080078125,2.09256,-0.12717
173.48359375,-42.080078125,2.10507,-0.12343
173.4859375,-42.080078125,2.11759,-0.1195
173.48828125,-42.080078125,2.13011,-0.11539
173.490625,-42.080078125,2.14264,-0.11109
173.49296875,-42.080078125,2.15508,-0.10651
173.4953125,-42.080078125,2.16751,-0.10171
173.49765625,-42.080078125,2.17995,-0.09669
173.5,-42.080078125,2.19239,-0.09142
173.50234375,-42.080078125,2.20481,-0.08591
173.5046875,-42.080078125,2.21723,-0.08013
173.50703125,-42.080078125,2.22966,-0.07409
173.509375,-42.080078125,2.2421,-0.06776
173.51171875,-42.080078125,2.25454,-0.06114
173.5140625,-42.080078125,2.267,-0.05422
173.51640625,-42.080078125,2.27948,-0.04699
173.51875,-42.080078125,2.29198,-0.03944
173.52109375,-42.080078125,2.30451,-0.03157
173.47421875,-42.078125,2.05588,-0.14168
173.4765625,-42.078125,2.06824,-0.13832
173.47890625,-42.078125,2.0806,-0.13495
173.48125,-42.078125,2.09268,-0.13138
173.48359375,-42.078125,2.10505,-0.12763
173.4859375,-42.078125,2.1175,-0.12371
173.48828125,-42.078125,2.12997,-0.1196
173.490625,-42.078125,2.14245,-0.11529
173.49296875,-42.078125,2.15491,-0.11075
173.4953125,-42.078125,2.16731,-0.10596
173.49765625,-42.078125,2.1797,-0.10094
173.5,-42.078125,2.1921,-0.09568
173.50234375,-42.078125,2.20448,-0.09016
173.5046875,-42.078125,2.21687,-0.08439
173.50703125,-42.078125,2.22926,-0.07834
173.509375,-42.078125,2.24165,-0.07202
173.51171875,-42.078125,2.25406,-0.0654
173.5140625,-42.078125,2.26648,-0.05848
173.51640625,-42.078125,2.27892,-0.05126
173.51875,-42.078125,2.29139,-0.04371
173.52109375,-42.078125,2.30388,-0.03584
173.47421875,-42.076171875,2.05515,-0.14574
173.4765625,-42.076171875,2.06746,-0.14239
173.47890625,-42.076171875,2.07977,-0.13903
173.48125,-42.076171875,2.09214,-0.13555
173.48359375,-42.076171875,2.10457,-0.13179
173.4859375,-42.076171875,2.11701,-0.12786
173.48828125,-42.076171875,2.12945,-0.12375
173.490625,-42.076171875,2.14189,-0.11945
173.49296875,-42.076171875,2.15435,-0.11495
173.4953125,-42.076171875,2.1667,-0.11016
173.49765625,-42.076171875,2.17905,-0.10514
173.5,-42.076171875,2.1914,-0.09988
173.50234375,-42.076171875,2.20374,-0.09437
173.5046875,-42.076171875,2.21608,-0.08859
173.50703125,-42.076171875,2.22843,-0.08255
173.509375,-42.076171875,2.24078,-0.07622
173.51171875,-42.076171875,2.25315,-0.0696
173.5140625,-42.076171875,2.26553,-0.06269
173.51640625,-42.076171875,2.27792,-0.05546
173.51875,-42.076171875,2.29034,-0.04792
173.52109375,-42.076171875,2.30278,-0.04005
173.47421875,-42.07421875,2.05442,-0.1498
173.4765625,-42.07421875,2.06668,-0.14646
173.47890625,-42.07421875,2.07894,-0.14311
173.48125,-42.07421875,2.0912,-0.13977
173.48359375,-42.07421875,2.10371,-0.13589
173.4859375,-42.07421875,2.11615,-0.13195
173.48828125,-42.07421875,2.12855,-0.12784
173.490625,-42.07421875,2.14094,-0.12354
173.49296875,-42.07421875,2.15332,-0.11904
173.4953125,-42.07421875,2.1657,-0.11431
173.49765625,-42.07421875,2.178,-0.10929
173.5,-42.07421875,2.19031,-0.10402
173.50234375,-42.07421875,2.2026,-0.09851
173.5046875,-42.07421875,2.21489,-0.09274
173.50703125,-42.07421875,2.22719,-0.08669
173.509375,-42.07421875,2.23949,-0.08037
173.51171875,-42.07421875,2.25181,-0.07375
173.5140625,-42.07421875,2.26414,-0.06683
173.51640625,-42.07421875,2.27649,-0.05961
173.51875,-42.07421875,2.28886,-0.05207
173.52109375,-42.07421875,2.30125,-0.0442
173.47421875,-42.072265625,2.05369,-0.15386
173.4765625,-42.072265625,2.0659,-0.15053
173.47890625,-42.072265625,2.07811,-0.14719
173.48125,-42.072265625,2.09032,-0.14386
173.48359375,-42.072265625,2.10256,-0.13981
173.4859375,-42.072265625,2.11497,-0.13594
173.48828125,-42.072265625,2.12729,-0.13186
173.490625,-42.072265625,2.13961,-0.12757
173.49296875,-42.072265625,2.15194,-0.12307
173.4953125,-42.072265625,2.16426,-0.11834
173.49765625,-42.072265625,2.17657,-0.11337
173.5,-42.072265625,2.18882,-0.10811
173.50234375,-42.072265625,2.20106,-0.10259
173.5046875,-42.072265625,2.2133,-0.09682
173.50703125,-42.072265625,2.22555,-0.09077
173.509375,-42.072265625,2.2378,-0.08445
173.51171875,-42.072265625,2.25007,-0.07783
173.5140625,-42.072265625,2.26235,-0.07092
173.51640625,-42.072265625,2.27465,-0.06369
173.51875,-42.072265625,2.28696,-0.05615
173.52109375,-42.072265625,2.2993,-0.04829
173.47421875,-42.0703125,2.05296,-0.15792
173.4765625,-42.0703125,2.06512,-0.1546
173.47890625,-42.0703125,2.07728,-0.15127
173.48125,-42.0703125,2.08944,-0.14795
173.48359375,-42.0703125,2.10163,-0.1439
173.4859375,-42.0703125,2.11352,-0.13991
173.48828125,-42.0703125,2.12568,-0.13582
173.490625,-42.0703125,2.13793,-0.13154
173.49296875,-42.0703125,2.1502,-0.12705
173.4953125,-42.0703125,2.16248,-0.12233
173.49765625,-42.0703125,2.17477,-0.11739
173.5,-42.0703125,2.18697,-0.11213
173.50234375,-42.0703125,2.19915,-0.10661
173.5046875,-42.0703125,2.21133,-0.10084
173.50703125,-42.0703125,2.22353,-0.09479
173.509375,-42.0703125,2.23573,-0.08846
173.51171875,-42.0703125,2.24794,-0.08185
173.5140625,-42.0703125,2.26016,-0.07493
173.51640625,-42.0703125,2.2724,-0.06771
173.51875,-42.0703125,2.28466,-0.06017
173.52109375,-42.0703125,2.29695,-0.05231
173.47421875,-42.068359375,2.05092,-0.16175
173.4765625,-42.068359375,2.06301,-0.15843
173.47890625,-42.068359375,2.07511,-0.15512
173.48125,-42.068359375,2.08721,-0.1518
173.48359375,-42.068359375,2.09933,-0.14775
173.4859375,-42.068359375,2.11146,-0.14371
173.48828125,-42.068359375,2.12363,-0.13969
173.490625,-42.068359375,2.13587,-0.13545
173.49296875,-42.068359375,2.14811,-0.13097
173.4953125,-42.068359375,2.16033,-0.12624
173.49765625,-42.068359375,2.17254,-0.12129
173.5,-42.068359375,2.18475,-0.11608
173.50234375,-42.068359375,2.19687,-0.11056
173.5046875,-42.068359375,2.209,-0.10479
173.50703125,-42.068359375,2.22113,-0.09874
173.509375,-42.068359375,2.23328,-0.09241
173.51171875,-42.068359375,2.24543,-0.08579
173.5140625,-42.068359375,2.2576,-0.07888
173.51640625,-42.068359375,2.26978,-0.07165
173.51875,-42.068359375,2.28198,-0.06412
173.52109375,-42.068359375,2.29421,-0.05626
173.47421875,-42.06640625,2.04887,-0.16559
173.4765625,-42.06640625,2.06091,-0.16227
173.47890625,-42.06640625,2.07295,-0.15896
173.48125,-42.06640625,2.08498,-0.15565
173.48359375,-42.06640625,2.09704,-0.1516
173.4859375,-42.06640625,2.1091,-0.14756
173.48828125,-42.06640625,2.12116,-0.14351
173.490625,-42.06640625,2.1335,-0.13932
173.49296875,-42.06640625,2.14569,-0.13482
173.4953125,-42.06640625,2.15784,-0.13009
173.49765625,-42.06640625,2.16998,-0.12512
173.5,-42.06640625,2.18212,-0.11991
173.50234375,-42.06640625,2.19424,-0.11444
173.5046875,-42.06640625,2.20631,-0.10866
173.50703125,-42.06640625,2.21838,-0.10261
173.509375,-42.06640625,2.23047,-0.09628
173.51171875,-42.06640625,2.24256,-0.08966
173.5140625,-42.06640625,2.25466,-0.08275
173.51640625,-42.06640625,2.26679,-0.07553
173.51875,-42.06640625,2.27893,-0.06799
173.52109375,-42.06640625,2.29109,-0.06013
173.47421875,-42.064453125,2.04683,-0.16942
173.4765625,-42.064453125,2.05881,-0.16611
173.47890625,-42.064453125,2.07078,-0.1628
173.48125,-42.064453125,2.08275,-0.1595
173.48359375,-42.064453125,2.09475,-0.15545
173.4859375,-42.064453125,2.10675,-0.15141
173.48828125,-42.064453125,2.11874,-0.14736
173.490625,-42.064453125,2.13095,-0.14319
173.49296875,-42.064453125,2.14298,-0.13863
173.4953125,-42.064453125,2.15502,-0.13386
173.49765625,-42.064453125,2.16708,-0.12887
173.5,-42.064453125,2.17915,-0.12366
173.50234375,-42.064453125,2.19121,-0.11819
173.5046875,-42.064453125,2.20328,-0.11247
173.50703125,-42.064453125,2.21529,-0.10641
173.509375,-42.064453125,2.22731,-0.10008
173.51171875,-42.064453125,2.23934,-0.09346
173.5140625,-42.064453125,2.25138,-0.08655
173.51640625,-42.064453125,2.26344,-0.07933
173.51875,-42.064453125,2.27552,-0.07179
173.52109375,-42.064453125,2.28761,-0.06394
173.47421875,-42.0625,2.04479,-0.17325
173.4765625,-42.0625,2.0567,-0.16995
173.47890625,-42.0625,2.06861,-0.16665
173.48125,-42.0625,2.08052,-0.16334
173.48359375,-42.0625,2.09246,-0.1593
173.4859375,-42.0625,2.10439,-0.15526
173.48828125,-42.0625,2.11632,-0.15121
173.490625,-42.0625,2.12826,-0.14717
173.49296875,-42.0625,2.13996,-0.14236
173.4953125,-42.0625,2.15186,-0.13753
173.49765625,-42.0625,2.16385,-0.13254
173.5,-42.0625,2.17585,-0.12733
173.50234375,-42.0625,2.18785,-0.12187
173.5046875,-42.0625,2.19985,-0.11614
173.50703125,-42.0625,2.21186,-0.11014
173.509375,-42.0625,2.22381,-0.10381
173.51171875,-42.0625,2.23578,-0.09719
173.5140625,-42.0625,2.24776,-0.09027
173.51640625,-42.0625,2.25975,-0.08305
173.51875,-42.0625,2.27176,-0.07552
173.52109375,-42.0625,2.2838,-0.06767
173.47421875,-42.060546875,2.04159,-0.17681
173.4765625,-42.060546875,2.05343,-0.17351
173.47890625,-42.060546875,2.06528,-0.17021
173.48125,-42.060546875,2.07712,-0.16691
173.48359375,-42.060546875,2.08898,-0.16286
173.4859375,-42.060546875,2.10084,-0.15881
173.48828125,-42.060546875,2.1127,-0.15477
173.490625,-42.060546875,2.12456,-0.15072
173.49296875,-42.060546875,2.13644,-0.1458
173.4953125,-42.060546875,2.14835,-0.14105
173.49765625,-42.060546875,2.1603,-0.13611
173.5,-42.060546875,2.17225,-0.13094
173.50234375,-42.060546875,2.1842,-0.12547
173.5046875,-42.060546875,2.19613,-0.11972
173.50703125,-42.060546875,2.20806,-0.11371
173.509375,-42.060546875,2.21998,-0.10741
173.51171875,-42.060546875,2.23192,-0.10084
173.5140625,-42.060546875,2.24383,-0.09392
173.51640625,-42.060546875,2.25576,-0.0867
173.51875,-42.060546875,2.2677,-0.07917
173.52109375,-42.060546875,2.27967,-0.07132
173.47421875,-42.05859375,2.0384,-0.18037
173.4765625,-42.05859375,2.05017,-0.17707
173.47890625,-42.05859375,2.06194,-0.17377
173.48125,-42.05859375,2.07371,-0.17047
173.48359375,-42.05859375,2.0855,-0.16642
173.4859375,-42.05859375,2.09729,-0.16237
173.48828125,-42.05859375,2.10908,-0.15832
173.490625,-42.05859375,2.12087,-0.15428
173.49296875,-42.05859375,2.13268,-0.14936
173.4953125,-42.05859375,2.14448,-0.14443
173.49765625,-42.05859375,2.15645,-0.13961
173.5,-42.05859375,2.16835,-0.1345
173.50234375,-42.05859375,2.18026,-0.129
173.5046875,-42.05859375,2.19212,-0.12323
173.50703125,-42.05859375,2.20397,-0.11721
173.509375,-42.05859375,2.21582,-0.11092
173.51171875,-42.05859375,2.22769,-0.10435
173.5140625,-42.05859375,2.23959,-0.09749
173.51640625,-42.05859375,2.25145,-0.09027
173.51875,-42.05859375,2.26332,-0.08275
173.52109375,-42.05859375,2.27522,-0.0749
173.47421875,-42.056640625,2.0352,-0.18393
173.4765625,-42.056640625,2.0469,-0.18063
173.47890625,-42.056640625,2.0586,-0.17733
173.48125,-42.056640625,2.0703,-0.17403
173.48359375,-42.056640625,2.08202,-0.16998
173.4859375,-42.056640625,2.09374,-0.16593
173.48828125,-42.056640625,2.10546,-0.16188
173.490625,-42.056640625,2.11718,-0.15783
173.49296875,-42.056640625,2.12891,-0.15291
173.4953125,-42.056640625,2.14065,-0.14798
173.49765625,-42.056640625,2.15238,-0.14306
173.5,-42.056640625,2.16412,-0.13813
173.50234375,-42.056640625,2.17607,-0.13247
173.5046875,-42.056640625,2.18783,-0.12665
173.50703125,-42.056640625,2.19958,-0.12062
173.509375,-42.056640625,2.21135,-0.11434
173.51171875,-42.056640625,2.22315,-0.10777
173.5140625,-42.056640625,2.23497,-0.1009
173.51640625,-42.056640625,2.2468,-0.09372
173.51875,-42.056640625,2.25864,-0.08625
173.52109375,-42.056640625,2.27047,-0.0784
173.47421875,-42.0546875,2.03201,-0.18748
173.4765625,-42.0546875,2.04363,-0.18419
173.47890625,-42.0546875,2.05526,-0.18089
173.48125,-42.0546875,2.06689,-0.17759
173.48359375,-42.0546875,2.07854,-0.17354
173.4859375,-42.0546875,2.09019,-0.16949
173.48828125,-42.0546875,2.10184,-0.16544
173.490625,-42.0546875,2.11348,-0.16139
173.49296875,-42.0546875,2.12515,-0.15646
173.4953125,-42.0546875,2.13681,-0.15153
173.49765625,-42.0546875,2.14848,-0.1466
173.5,-42.0546875,2.16014,-0.14168
173.50234375,-42.0546875,2.17181,-0.13574
173.5046875,-42.0546875,2.18327,-0.12993
173.50703125,-42.0546875,2.19489,-0.12394
173.509375,-42.0546875,2.20659,-0.11769
173.51171875,-42.0546875,2.21833,-0.11112
173.5140625,-42.0546875,2.23009,-0.10425
173.51640625,-42.0546875,2.24185,-0.09707
173.51875,-42.0546875,2.25363,-0.0896
173.52109375,-42.0546875,2.26543,-0.08184
