version_added,version_revoked,reverse_patch,component,priority,min_lon,max_lon,min_lat,max_lat,spatial_complete,min_date,max_date,time_complete,npoints1,npoints2,displacement_type,error_type,max_displacement,spatial_model,time_function,time0,factor0,time1,factor1,decay,file1,description
20140201,20160701,N,1,0,170.94999999999999,176.65000000000001,-44.0,-39.25,Y,0,0,Y,39,39,3d,none,0.32765,llgrid,step,2013-08-16,0,2013-08-16,1.0,0,grid_lg_20130816_L1.csv,Mw 6.6 Lake Grassmere earthquake
20140201,20160701,N,1,1,173.38749999999999,175.0,-42.3125,-41.09375,Y,0,0,Y,44,40,3d,none,0.40175,llgrid,step,2013-08-16,0,2013-08-16,1.0,0,grid_lg_20130816_L2.csv,Mw 6.6 Lake Grassmere earthquake
20140201,20160701,N,1,2,173.80937499999999,174.54062500000001,-41.9453125,-41.4609375,Y,0,0,Y,79,63,3d,none,0.41523,llgrid,step,2013-08-16,0,2013-08-16,1.0,0,grid_lg_20130816_L3.csv,Mw 6.6 Lake Grassmere earthquake
20140201,20160701,N,1,3,174.03437500000001,174.34609374999999,-41.806640625,-41.60546875,Y,0,0,Y,134,104,3d,none,0.4157,llgrid,step,2013-08-16,0,2013-08-16,1.0,0,grid_lg_20130816_L4.csv,Mw 6.6 Lake Grassmere earthquake
20160701,0,Y,2,0,170.94999999999999,176.65000000000001,-44.0,-39.25,Y,0,0,Y,39,39,3d,none,0.32765,llgrid,step,2013-08-16,-1.0,2013-08-16,0,0,grid_lg_20130816_L1.csv,Mw 6.6 Lake Grassmere earthquake
20160701,0,Y,2,1,173.38749999999999,175.0,-42.3125,-41.09375,Y,0,0,Y,44,40,3d,none,0.40175,llgrid,step,2013-08-16,-1.0,2013-08-16,0,0,grid_lg_20130816_L2.csv,Mw 6.6 Lake Grassmere earthquake
20160701,0,Y,2,2,173.80937499999999,174.54062500000001,-41.9453125,-41.4609375,Y,0,0,Y,79,63,3d,none,0.41523,llgrid,step,2013-08-16,-1.0,2013-08-16,0,0,grid_lg_20130816_L3.csv,Mw 6.6 Lake Grassmere earthquake
20160701,0,Y,2,3,174.03437500000001,174.34609374999999,-41.806640625,-41.60546875,Y,0,0,Y,134,104,3d,none,0.4157,llgrid,step,2013-08-16,-1.0,2013-08-16,0,0,grid_lg_20130816_L4.csv,Mw 6.6 Lake Grassmere earthquake
