version_added,version_revoked,reverse_patch,component,priority,min_lon,max_lon,min_lat,max_lat,spatial_complete,min_date,max_date,time_complete,npoints1,npoints2,displacement_type,error_type,max_displacement,spatial_model,time_function,time0,factor0,time1,factor1,decay,file1,file2,description
20130801,0,Y,1,0,166.0,176.05000000000001,-47.5,-39.625,Y,0,0,Y,68,64,3d,none,1.3262915221144136,llgrid,step,2009-07-15,-1.05,2009-07-15,0,0,grid_ds_L1.csv,,"Event: Dusky Sound (Fiordland) earthquake, 15 July 2009
Source model: Geodetic source model, based on GPS and differential InSAR (ALOS) data; elastic half-space assumption
Version: Model CP3, August 2010
"
20130801,0,Y,2,0,166.0,176.05000000000001,-47.5,-39.625,Y,0,0,Y,68,64,3d,none,1.3262915221144136,llgrid,ramp,2009-07-15,-0.29000000000000004,2011-09-01,0,0,grid_ds_L1.csv,,"Event: Dusky Sound (Fiordland) earthquake, 15 July 2009
Source model: Geodetic source model, based on GPS and differential InSAR (ALOS) data; elastic half-space assumption
Version: Model CP3, August 2010
"
20130801,0,Y,1,1,166.0,167.80000000000001,-46.9375,-44.71875,Y,0,0,Y,49,72,3d,none,1.3262915221144136,llgrid,step,2009-07-15,-1.05,2009-07-15,0,0,grid_ds_L2.csv,,"Event: Dusky Sound (Fiordland) earthquake, 15 July 2009
Source model: Geodetic source model, based on GPS and differential InSAR (ALOS) data; elastic half-space assumption
Version: Model CP3, August 2010
"
20130801,0,Y,2,1,166.0,167.80000000000001,-46.9375,-44.71875,Y,0,0,Y,49,72,3d,none,1.3262915221144136,llgrid,ramp,2009-07-15,-0.29000000000000004,2011-09-01,0,0,grid_ds_L2.csv,,"Event: Dusky Sound (Fiordland) earthquake, 15 July 2009
Source model: Geodetic source model, based on GPS and differential InSAR (ALOS) data; elastic half-space assumption
Version: Model CP3, August 2010
"
20130801,0,Y,1,2,166.17812499999999,166.84375,-46.3125,-45.3515625,Y,0,0,Y,72,124,3d,none,1.3272972361218116,llgrid,step,2009-07-15,-1.05,2009-07-15,0,0,grid_ds_L3.csv,,"Event: Dusky Sound (Fiordland) earthquake, 15 July 2009
Source model: Geodetic source model, based on GPS and differential InSAR (ALOS) data; elastic half-space assumption
Version: Model CP3, August 2010
"
20130801,0,Y,2,2,166.17812499999999,166.84375,-46.3125,-45.3515625,Y,0,0,Y,72,124,3d,none,1.3272972361218116,llgrid,ramp,2009-07-15,-0.29000000000000004,2011-09-01,0,0,grid_ds_L3.csv,,"Event: Dusky Sound (Fiordland) earthquake, 15 July 2009
Source model: Geodetic source model, based on GPS and differential InSAR (ALOS) data; elastic half-space assumption
Version: Model CP3, August 2010
"
