version_added,version_revoked,reverse_patch,component,priority,min_lon,max_lon,min_lat,max_lat,spatial_complete,min_date,max_date,time_complete,npoints1,npoints2,displacement_type,error_type,max_displacement,spatial_model,time_function,time0,factor0,time1,factor1,decay,file1,description
20171201,0,N,1,1,165.85,179.05,-47.625,-34.0,Y,0,0,Y,89,110,horizontal,none,0.55557,llgrid,step,2016-11-14,0,2016-11-14,1.0,0,grid_ka_20161114co_H_L1_F.csv,"Event: Kaikoura earthquake,  14 November 2016
 Source model: Geodetic source model, based on GPS, InSAR, and LiDAR data; elastic half-space assumption; 
 Version: Model 002, 23 June 2017
"
20171201,0,N,1,2,171.925,175.45,-43.34375,-40.8125,Y,0,0,Y,95,82,horizontal,none,0.59842,llgrid,step,2016-11-14,0,2016-11-14,1.0,0,grid_ka_20161114co_H_L2_F.csv,"Event: Kaikoura earthquake,  14 November 2016
 Source model: Geodetic source model, based on GPS, InSAR, and LiDAR data; elastic half-space assumption; 
 Version: Model 002, 23 June 2017
"
20171201,0,Y,2,1,172.525,174.925,-42.90625,-41.28125,Y,0,0,Y,65,53,horizontal,none,8.83715,llgrid,step,2016-11-14,-1.0,2016-11-14,0,0,grid_ka_20161114co_H_L2_R.csv,"Event: Kaikoura earthquake,  14 November 2016
 Source model: Geodetic source model, based on GPS, InSAR, and LiDAR data; elastic half-space assumption; 
 Version: Model 002, 23 June 2017
"
20171201,0,Y,2,2,172.571875,173.640625,-42.875,-42.1484375,Y,0,0,Y,115,94,horizontal,none,3.78536,llgrid,step,2016-11-14,-1.0,2016-11-14,0,0,grid_ka_20161114co_H_L3_R_00.csv,"Event: Kaikoura earthquake,  14 November 2016
 Source model: Geodetic source model, based on GPS, InSAR, and LiDAR data; elastic half-space assumption; 
 Version: Model 002, 23 June 2017
"
20171201,0,Y,2,3,173.153125,173.640625,-42.1484375,-41.4609375,Y,0,0,Y,53,89,horizontal,none,3.25585,llgrid,step,2016-11-14,-1.0,2016-11-14,0,0,grid_ka_20161114co_H_L3_R_01.csv,"Event: Kaikoura earthquake,  14 November 2016
 Source model: Geodetic source model, based on GPS, InSAR, and LiDAR data; elastic half-space assumption; 
 Version: Model 002, 23 June 2017
"
20171201,0,Y,2,4,173.640625,174.315625,-42.6328125,-42.1484375,Y,0,0,Y,73,63,horizontal,none,7.63175,llgrid,step,2016-11-14,-1.0,2016-11-14,0,0,grid_ka_20161114co_H_L3_R_02.csv,"Event: Kaikoura earthquake,  14 November 2016
 Source model: Geodetic source model, based on GPS, InSAR, and LiDAR data; elastic half-space assumption; 
 Version: Model 002, 23 June 2017
"
20171201,0,Y,2,5,173.640625,174.7,-42.1484375,-41.421875,Y,0,0,Y,114,94,horizontal,none,10.03386,llgrid,step,2016-11-14,-1.0,2016-11-14,0,0,grid_ka_20161114co_H_L3_R_03.csv,"Event: Kaikoura earthquake,  14 November 2016
 Source model: Geodetic source model, based on GPS, InSAR, and LiDAR data; elastic half-space assumption; 
 Version: Model 002, 23 June 2017
"
20171201,0,Y,2,6,172.7828125,173.02890625,-42.69140625,-42.484375,Y,0,0,Y,106,107,horizontal,none,2.90268,llgrid,step,2016-11-14,-1.0,2016-11-14,0,0,grid_ka_20161114co_H_L4_R_00.csv,"Event: Kaikoura earthquake,  14 November 2016
 Source model: Geodetic source model, based on GPS, InSAR, and LiDAR data; elastic half-space assumption; 
 Version: Model 002, 23 June 2017
"
20171201,0,Y,2,7,173.00546875,173.02890625,-42.484375,-42.435546875,Y,0,0,Y,11,26,horizontal,none,0.9058,llgrid,step,2016-11-14,-1.0,2016-11-14,0,0,grid_ka_20161114co_H_L4_R_01.csv,"Event: Kaikoura earthquake,  14 November 2016
 Source model: Geodetic source model, based on GPS, InSAR, and LiDAR data; elastic half-space assumption; 
 Version: Model 002, 23 June 2017
"
20171201,0,Y,2,8,173.02890625,173.275,-42.69921875,-42.484375,Y,0,0,Y,106,111,horizontal,none,3.95003,llgrid,step,2016-11-14,-1.0,2016-11-14,0,0,grid_ka_20161114co_H_L4_R_02.csv,"Event: Kaikoura earthquake,  14 November 2016
 Source model: Geodetic source model, based on GPS, InSAR, and LiDAR data; elastic half-space assumption; 
 Version: Model 002, 23 June 2017
"
20171201,0,Y,2,9,173.02890625,173.275,-42.484375,-42.38671875,Y,0,0,Y,106,51,horizontal,none,2.50015,llgrid,step,2016-11-14,-1.0,2016-11-14,0,0,grid_ka_20161114co_H_L4_R_03.csv,"Event: Kaikoura earthquake,  14 November 2016
 Source model: Geodetic source model, based on GPS, InSAR, and LiDAR data; elastic half-space assumption; 
 Version: Model 002, 23 June 2017
"
20171201,0,Y,2,10,173.275,173.52109375,-42.654296875,-42.484375,Y,0,0,Y,106,88,horizontal,none,1.81653,llgrid,step,2016-11-14,-1.0,2016-11-14,0,0,grid_ka_20161114co_H_L4_R_04.csv,"Event: Kaikoura earthquake,  14 November 2016
 Source model: Geodetic source model, based on GPS, InSAR, and LiDAR data; elastic half-space assumption; 
 Version: Model 002, 23 June 2017
"
20171201,0,Y,2,11,173.275,173.52109375,-42.484375,-42.26953125,Y,0,0,Y,106,111,horizontal,none,1.46367,llgrid,step,2016-11-14,-1.0,2016-11-14,0,0,grid_ka_20161114co_H_L4_R_05.csv,"Event: Kaikoura earthquake,  14 November 2016
 Source model: Geodetic source model, based on GPS, InSAR, and LiDAR data; elastic half-space assumption; 
 Version: Model 002, 23 June 2017
"
20171201,0,Y,2,12,173.47421875,173.52109375,-42.26953125,-42.0546875,Y,0,0,Y,21,111,horizontal,none,2.30484,llgrid,step,2016-11-14,-1.0,2016-11-14,0,0,grid_ka_20161114co_H_L4_R_06.csv,"Event: Kaikoura earthquake,  14 November 2016
 Source model: Geodetic source model, based on GPS, InSAR, and LiDAR data; elastic half-space assumption; 
 Version: Model 002, 23 June 2017
"
20171201,0,Y,2,13,173.50234375,173.52109375,-42.0546875,-42.044921875,Y,0,0,Y,9,6,horizontal,none,2.26691,llgrid,step,2016-11-14,-1.0,2016-11-14,0,0,grid_ka_20161114co_H_L4_R_07.csv,"Event: Kaikoura earthquake,  14 November 2016
 Source model: Geodetic source model, based on GPS, InSAR, and LiDAR data; elastic half-space assumption; 
 Version: Model 002, 23 June 2017
"
20171201,0,Y,2,14,173.52109375,173.70390625,-42.541015625,-42.484375,Y,0,0,Y,79,30,horizontal,none,0.96565,llgrid,step,2016-11-14,-1.0,2016-11-14,0,0,grid_ka_20161114co_H_L4_R_08.csv,"Event: Kaikoura earthquake,  14 November 2016
 Source model: Geodetic source model, based on GPS, InSAR, and LiDAR data; elastic half-space assumption; 
 Version: Model 002, 23 June 2017
"
20171201,0,Y,2,15,173.52109375,173.7671875,-42.484375,-42.26953125,Y,0,0,Y,106,111,horizontal,none,4.06338,llgrid,step,2016-11-14,-1.0,2016-11-14,0,0,grid_ka_20161114co_H_L4_R_09.csv,"Event: Kaikoura earthquake,  14 November 2016
 Source model: Geodetic source model, based on GPS, InSAR, and LiDAR data; elastic half-space assumption; 
 Version: Model 002, 23 June 2017
"
20171201,0,Y,2,16,173.52109375,173.7671875,-42.26953125,-42.0546875,Y,0,0,Y,106,111,horizontal,none,8.16732,llgrid,step,2016-11-14,-1.0,2016-11-14,0,0,grid_ka_20161114co_H_L4_R_10.csv,"Event: Kaikoura earthquake,  14 November 2016
 Source model: Geodetic source model, based on GPS, InSAR, and LiDAR data; elastic half-space assumption; 
 Version: Model 002, 23 June 2017
"
20171201,0,Y,2,17,173.52109375,173.7671875,-42.0546875,-41.83984375,Y,0,0,Y,106,111,horizontal,none,4.90183,llgrid,step,2016-11-14,-1.0,2016-11-14,0,0,grid_ka_20161114co_H_L4_R_11.csv,"Event: Kaikoura earthquake,  14 November 2016
 Source model: Geodetic source model, based on GPS, InSAR, and LiDAR data; elastic half-space assumption; 
 Version: Model 002, 23 June 2017
"
20171201,0,Y,2,18,173.734375,173.7671875,-41.83984375,-41.822265625,Y,0,0,Y,15,10,horizontal,none,1.72952,llgrid,step,2016-11-14,-1.0,2016-11-14,0,0,grid_ka_20161114co_H_L4_R_12.csv,"Event: Kaikoura earthquake,  14 November 2016
 Source model: Geodetic source model, based on GPS, InSAR, and LiDAR data; elastic half-space assumption; 
 Version: Model 002, 23 June 2017
"
20171201,0,Y,2,19,173.7671875,173.96875,-42.453125,-42.26953125,Y,0,0,Y,87,95,horizontal,none,2.77023,llgrid,step,2016-11-14,-1.0,2016-11-14,0,0,grid_ka_20161114co_H_L4_R_13.csv,"Event: Kaikoura earthquake,  14 November 2016
 Source model: Geodetic source model, based on GPS, InSAR, and LiDAR data; elastic half-space assumption; 
 Version: Model 002, 23 June 2017
"
20171201,0,Y,2,20,173.7671875,174.01328125,-42.26953125,-42.0546875,Y,0,0,Y,106,111,horizontal,none,5.85737,llgrid,step,2016-11-14,-1.0,2016-11-14,0,0,grid_ka_20161114co_H_L4_R_14.csv,"Event: Kaikoura earthquake,  14 November 2016
 Source model: Geodetic source model, based on GPS, InSAR, and LiDAR data; elastic half-space assumption; 
 Version: Model 002, 23 June 2017
"
20171201,0,Y,2,21,173.7671875,174.01328125,-42.0546875,-41.83984375,Y,0,0,Y,106,111,horizontal,none,6.74035,llgrid,step,2016-11-14,-1.0,2016-11-14,0,0,grid_ka_20161114co_H_L4_R_15.csv,"Event: Kaikoura earthquake,  14 November 2016
 Source model: Geodetic source model, based on GPS, InSAR, and LiDAR data; elastic half-space assumption; 
 Version: Model 002, 23 June 2017
"
20171201,0,Y,2,22,173.7671875,174.01328125,-41.83984375,-41.76171875,Y,0,0,Y,106,41,horizontal,none,3.70441,llgrid,step,2016-11-14,-1.0,2016-11-14,0,0,grid_ka_20161114co_H_L4_R_16.csv,"Event: Kaikoura earthquake,  14 November 2016
 Source model: Geodetic source model, based on GPS, InSAR, and LiDAR data; elastic half-space assumption; 
 Version: Model 002, 23 June 2017
"
20171201,0,Y,2,23,174.01328125,174.15625,-42.2265625,-42.0546875,Y,0,0,Y,62,89,horizontal,none,2.14577,llgrid,step,2016-11-14,-1.0,2016-11-14,0,0,grid_ka_20161114co_H_L4_R_17.csv,"Event: Kaikoura earthquake,  14 November 2016
 Source model: Geodetic source model, based on GPS, InSAR, and LiDAR data; elastic half-space assumption; 
 Version: Model 002, 23 June 2017
"
20171201,0,Y,2,24,174.01328125,174.259375,-42.0546875,-41.83984375,Y,0,0,Y,106,111,horizontal,none,10.24346,llgrid,step,2016-11-14,-1.0,2016-11-14,0,0,grid_ka_20161114co_H_L4_R_18.csv,"Event: Kaikoura earthquake,  14 November 2016
 Source model: Geodetic source model, based on GPS, InSAR, and LiDAR data; elastic half-space assumption; 
 Version: Model 002, 23 June 2017
"
20171201,0,Y,2,25,174.01328125,174.259375,-41.83984375,-41.66015625,Y,0,0,Y,106,93,horizontal,none,6.00919,llgrid,step,2016-11-14,-1.0,2016-11-14,0,0,grid_ka_20161114co_H_L4_R_19.csv,"Event: Kaikoura earthquake,  14 November 2016
 Source model: Geodetic source model, based on GPS, InSAR, and LiDAR data; elastic half-space assumption; 
 Version: Model 002, 23 June 2017
"
20171201,0,Y,2,26,174.259375,174.3953125,-41.90625,-41.83984375,Y,0,0,Y,59,35,horizontal,none,1.93338,llgrid,step,2016-11-14,-1.0,2016-11-14,0,0,grid_ka_20161114co_H_L4_R_20.csv,"Event: Kaikoura earthquake,  14 November 2016
 Source model: Geodetic source model, based on GPS, InSAR, and LiDAR data; elastic half-space assumption; 
 Version: Model 002, 23 June 2017
"
20171201,0,Y,2,27,174.259375,174.50078125,-41.83984375,-41.626953125,Y,0,0,Y,104,110,horizontal,none,6.89989,llgrid,step,2016-11-14,-1.0,2016-11-14,0,0,grid_ka_20161114co_H_L4_R_21.csv,"Event: Kaikoura earthquake,  14 November 2016
 Source model: Geodetic source model, based on GPS, InSAR, and LiDAR data; elastic half-space assumption; 
 Version: Model 002, 23 June 2017
"
20171201,0,Y,3,1,166.3,179.05,-47.625,-34.25,Y,0,0,Y,86,108,vertical,none,2.61995,llgrid,step,2016-11-14,-1.0,2016-11-14,0,0,grid_ka_20161114co_V_L1.csv,"Event: Kaikoura earthquake,  14 November 2016
 Source model: Geodetic source model, based on GPS, InSAR, and LiDAR data; elastic half-space assumption; 
 Version: Model 002, 23 June 2017
"
20171201,0,Y,3,2,172.225,174.9625,-43.125,-41.0625,Y,0,0,Y,74,67,vertical,none,4.78023,llgrid,step,2016-11-14,-1.0,2016-11-14,0,0,grid_ka_20161114co_V_L2.csv,"Event: Kaikoura earthquake,  14 November 2016
 Source model: Geodetic source model, based on GPS, InSAR, and LiDAR data; elastic half-space assumption; 
 Version: Model 002, 23 June 2017
"
20171201,0,Y,3,3,172.65625,173.6125,-42.8046875,-42.1171875,Y,0,0,Y,103,89,vertical,none,4.04916,llgrid,step,2016-11-14,-1.0,2016-11-14,0,0,grid_ka_20161114co_V_L3_00.csv,"Event: Kaikoura earthquake,  14 November 2016
 Source model: Geodetic source model, based on GPS, InSAR, and LiDAR data; elastic half-space assumption; 
 Version: Model 002, 23 June 2017
"
20171201,0,Y,3,4,173.209375,173.6125,-42.1171875,-41.578125,Y,0,0,Y,44,70,vertical,none,0.31887,llgrid,step,2016-11-14,-1.0,2016-11-14,0,0,grid_ka_20161114co_V_L3_01.csv,"Event: Kaikoura earthquake,  14 November 2016
 Source model: Geodetic source model, based on GPS, InSAR, and LiDAR data; elastic half-space assumption; 
 Version: Model 002, 23 June 2017
"
20171201,0,Y,3,5,173.6125,174.34375,-42.578125,-42.1171875,Y,0,0,Y,79,60,vertical,none,4.81866,llgrid,step,2016-11-14,-1.0,2016-11-14,0,0,grid_ka_20161114co_V_L3_02.csv,"Event: Kaikoura earthquake,  14 November 2016
 Source model: Geodetic source model, based on GPS, InSAR, and LiDAR data; elastic half-space assumption; 
 Version: Model 002, 23 June 2017
"
20171201,0,Y,3,6,173.6125,174.56875,-42.1171875,-41.4375,Y,0,0,Y,103,88,vertical,none,5.88423,llgrid,step,2016-11-14,-1.0,2016-11-14,0,0,grid_ka_20161114co_V_L3_03.csv,"Event: Kaikoura earthquake,  14 November 2016
 Source model: Geodetic source model, based on GPS, InSAR, and LiDAR data; elastic half-space assumption; 
 Version: Model 002, 23 June 2017
"
20171201,0,Y,3,7,172.79921875,173.03828125,-42.66015625,-42.490234375,Y,0,0,Y,103,88,vertical,none,0.79607,llgrid,step,2016-11-14,-1.0,2016-11-14,0,0,grid_ka_20161114co_V_L4_00.csv,"Event: Kaikoura earthquake,  14 November 2016
 Source model: Geodetic source model, based on GPS, InSAR, and LiDAR data; elastic half-space assumption; 
 Version: Model 002, 23 June 2017
"
20171201,0,Y,3,8,173.03828125,173.27734375,-42.65625,-42.453125,Y,0,0,Y,103,105,vertical,none,4.1742,llgrid,step,2016-11-14,-1.0,2016-11-14,0,0,grid_ka_20161114co_V_L4_01.csv,"Event: Kaikoura earthquake,  14 November 2016
 Source model: Geodetic source model, based on GPS, InSAR, and LiDAR data; elastic half-space assumption; 
 Version: Model 002, 23 June 2017
"
20171201,0,Y,3,9,173.07109375,173.27734375,-42.453125,-42.353515625,Y,0,0,Y,89,52,vertical,none,1.30436,llgrid,step,2016-11-14,-1.0,2016-11-14,0,0,grid_ka_20161114co_V_L4_02.csv,"Event: Kaikoura earthquake,  14 November 2016
 Source model: Geodetic source model, based on GPS, InSAR, and LiDAR data; elastic half-space assumption; 
 Version: Model 002, 23 June 2017
"
20171201,0,Y,3,10,173.27734375,173.51640625,-42.646484375,-42.453125,Y,0,0,Y,103,100,vertical,none,1.49257,llgrid,step,2016-11-14,-1.0,2016-11-14,0,0,grid_ka_20161114co_V_L4_03.csv,"Event: Kaikoura earthquake,  14 November 2016
 Source model: Geodetic source model, based on GPS, InSAR, and LiDAR data; elastic half-space assumption; 
 Version: Model 002, 23 June 2017
"
20171201,0,Y,3,11,173.27734375,173.51640625,-42.453125,-42.28125,Y,0,0,Y,103,89,vertical,none,1.35842,llgrid,step,2016-11-14,-1.0,2016-11-14,0,0,grid_ka_20161114co_V_L4_04.csv,"Event: Kaikoura earthquake,  14 November 2016
 Source model: Geodetic source model, based on GPS, InSAR, and LiDAR data; elastic half-space assumption; 
 Version: Model 002, 23 June 2017
"
20171201,0,Y,3,12,173.46953125,173.51640625,-42.24609375,-42.0546875,Y,0,0,Y,21,99,vertical,none,0.31935,llgrid,step,2016-11-14,-1.0,2016-11-14,0,0,grid_ka_20161114co_V_L4_05.csv,"Event: Kaikoura earthquake,  14 November 2016
 Source model: Geodetic source model, based on GPS, InSAR, and LiDAR data; elastic half-space assumption; 
 Version: Model 002, 23 June 2017
"
20171201,0,Y,3,13,173.51640625,173.75546875,-42.517578125,-42.453125,Y,0,0,Y,103,34,vertical,none,1.51531,llgrid,step,2016-11-14,-1.0,2016-11-14,0,0,grid_ka_20161114co_V_L4_06.csv,"Event: Kaikoura earthquake,  14 November 2016
 Source model: Geodetic source model, based on GPS, InSAR, and LiDAR data; elastic half-space assumption; 
 Version: Model 002, 23 June 2017
"
20171201,0,Y,3,14,173.51640625,173.75546875,-42.453125,-42.24609375,Y,0,0,Y,103,107,vertical,none,1.49902,llgrid,step,2016-11-14,-1.0,2016-11-14,0,0,grid_ka_20161114co_V_L4_07.csv,"Event: Kaikoura earthquake,  14 November 2016
 Source model: Geodetic source model, based on GPS, InSAR, and LiDAR data; elastic half-space assumption; 
 Version: Model 002, 23 June 2017
"
20171201,0,Y,3,15,173.51640625,173.75546875,-42.24609375,-42.0390625,Y,0,0,Y,103,107,vertical,none,2.92542,llgrid,step,2016-11-14,-1.0,2016-11-14,0,0,grid_ka_20161114co_V_L4_08.csv,"Event: Kaikoura earthquake,  14 November 2016
 Source model: Geodetic source model, based on GPS, InSAR, and LiDAR data; elastic half-space assumption; 
 Version: Model 002, 23 June 2017
"
20171201,0,Y,3,16,173.58671875,173.75546875,-42.0390625,-41.912109375,Y,0,0,Y,73,66,vertical,none,1.3603,llgrid,step,2016-11-14,-1.0,2016-11-14,0,0,grid_ka_20161114co_V_L4_09.csv,"Event: Kaikoura earthquake,  14 November 2016
 Source model: Geodetic source model, based on GPS, InSAR, and LiDAR data; elastic half-space assumption; 
 Version: Model 002, 23 June 2017
"
20171201,0,Y,3,17,173.75546875,173.76953125,-42.458984375,-42.453125,Y,0,0,Y,7,4,vertical,none,0.19771,llgrid,step,2016-11-14,-1.0,2016-11-14,0,0,grid_ka_20161114co_V_L4_10.csv,"Event: Kaikoura earthquake,  14 November 2016
 Source model: Geodetic source model, based on GPS, InSAR, and LiDAR data; elastic half-space assumption; 
 Version: Model 002, 23 June 2017
"
20171201,0,Y,3,18,173.75546875,173.97109375,-42.453125,-42.24609375,Y,0,0,Y,93,107,vertical,none,1.58512,llgrid,step,2016-11-14,-1.0,2016-11-14,0,0,grid_ka_20161114co_V_L4_11.csv,"Event: Kaikoura earthquake,  14 November 2016
 Source model: Geodetic source model, based on GPS, InSAR, and LiDAR data; elastic half-space assumption; 
 Version: Model 002, 23 June 2017
"
20171201,0,Y,3,19,173.75546875,173.99453125,-42.24609375,-42.0390625,Y,0,0,Y,103,107,vertical,none,5.98961,llgrid,step,2016-11-14,-1.0,2016-11-14,0,0,grid_ka_20161114co_V_L4_12.csv,"Event: Kaikoura earthquake,  14 November 2016
 Source model: Geodetic source model, based on GPS, InSAR, and LiDAR data; elastic half-space assumption; 
 Version: Model 002, 23 June 2017
"
20171201,0,Y,3,20,173.75546875,173.99453125,-42.0390625,-41.859375,Y,0,0,Y,103,93,vertical,none,2.96025,llgrid,step,2016-11-14,-1.0,2016-11-14,0,0,grid_ka_20161114co_V_L4_13.csv,"Event: Kaikoura earthquake,  14 November 2016
 Source model: Geodetic source model, based on GPS, InSAR, and LiDAR data; elastic half-space assumption; 
 Version: Model 002, 23 June 2017
"
20171201,0,Y,3,21,173.99453125,174.0859375,-42.23046875,-42.0390625,Y,0,0,Y,40,99,vertical,none,0.35767,llgrid,step,2016-11-14,-1.0,2016-11-14,0,0,grid_ka_20161114co_V_L4_14.csv,"Event: Kaikoura earthquake,  14 November 2016
 Source model: Geodetic source model, based on GPS, InSAR, and LiDAR data; elastic half-space assumption; 
 Version: Model 002, 23 June 2017
"
20171201,0,Y,3,22,173.99453125,174.23359375,-42.0390625,-41.83203125,Y,0,0,Y,103,107,vertical,none,3.09505,llgrid,step,2016-11-14,-1.0,2016-11-14,0,0,grid_ka_20161114co_V_L4_15.csv,"Event: Kaikoura earthquake,  14 November 2016
 Source model: Geodetic source model, based on GPS, InSAR, and LiDAR data; elastic half-space assumption; 
 Version: Model 002, 23 June 2017
"
20171201,0,Y,3,23,174.0859375,174.23359375,-41.83203125,-41.681640625,Y,0,0,Y,64,78,vertical,none,2.91411,llgrid,step,2016-11-14,-1.0,2016-11-14,0,0,grid_ka_20161114co_V_L4_16.csv,"Event: Kaikoura earthquake,  14 November 2016
 Source model: Geodetic source model, based on GPS, InSAR, and LiDAR data; elastic half-space assumption; 
 Version: Model 002, 23 June 2017
"
20171201,0,Y,3,24,174.23359375,174.3625,-41.91796875,-41.83203125,Y,0,0,Y,56,45,vertical,none,1.1035,llgrid,step,2016-11-14,-1.0,2016-11-14,0,0,grid_ka_20161114co_V_L4_17.csv,"Event: Kaikoura earthquake,  14 November 2016
 Source model: Geodetic source model, based on GPS, InSAR, and LiDAR data; elastic half-space assumption; 
 Version: Model 002, 23 June 2017
"
20171201,0,Y,3,25,174.23359375,174.46796875,-41.83203125,-41.626953125,Y,0,0,Y,101,106,vertical,none,1.46765,llgrid,step,2016-11-14,-1.0,2016-11-14,0,0,grid_ka_20161114co_V_L4_18.csv,"Event: Kaikoura earthquake,  14 November 2016
 Source model: Geodetic source model, based on GPS, InSAR, and LiDAR data; elastic half-space assumption; 
 Version: Model 002, 23 June 2017
"
20171201,0,N,8,1,169.6,176.35,-43.75,-39.0,Y,0,0,Y,46,39,horizontal,none,0.02934,llgrid,ramp,2016-11-14,0,2016-12-14,1.0,0,grid_ka_20161114pe1_H_L1_F.csv,"Event: Kaikoura earthquake postearthquake month 0-1,  14 November 2016
 Source model: Geodetic source model, based on GPS, InSAR, and LiDAR data; elastic half-space assumption; 
 Version: Model 002, 23 June 2017
"
20171201,0,N,8,2,172.6375,175.375,-42.9375,-41.125,Y,0,0,Y,74,59,horizontal,none,0.03278,llgrid,ramp,2016-11-14,0,2016-12-14,1.0,0,grid_ka_20161114pe1_H_L2_F.csv,"Event: Kaikoura earthquake postearthquake month 0-1,  14 November 2016
 Source model: Geodetic source model, based on GPS, InSAR, and LiDAR data; elastic half-space assumption; 
 Version: Model 002, 23 June 2017
"
20171201,0,Y,10,1,172.45,174.925,-43.0,-41.28125,Y,0,0,Y,67,56,horizontal,none,0.2936,llgrid,ramp,2016-11-14,-1.0,2016-12-14,0,0,grid_ka_20161114pe1_H_L2_R.csv,"Event: Kaikoura earthquake postearthquake month 0-1,  14 November 2016
 Source model: Geodetic source model, based on GPS, InSAR, and LiDAR data; elastic half-space assumption; 
 Version: Model 002, 23 June 2017
"
20171201,0,Y,10,2,172.834375,173.696875,-42.6953125,-42.0546875,Y,0,0,Y,93,83,horizontal,none,0.18573,llgrid,ramp,2016-11-14,-1.0,2016-12-14,0,0,grid_ka_20161114pe1_H_L3_R_00.csv,"Event: Kaikoura earthquake postearthquake month 0-1,  14 November 2016
 Source model: Geodetic source model, based on GPS, InSAR, and LiDAR data; elastic half-space assumption; 
 Version: Model 002, 23 June 2017
"
20171201,0,Y,10,3,173.696875,174.55,-42.5390625,-41.5703125,Y,0,0,Y,92,125,horizontal,none,0.36383,llgrid,ramp,2016-11-14,-1.0,2016-12-14,0,0,grid_ka_20161114pe1_H_L3_R_01.csv,"Event: Kaikoura earthquake postearthquake month 0-1,  14 November 2016
 Source model: Geodetic source model, based on GPS, InSAR, and LiDAR data; elastic half-space assumption; 
 Version: Model 002, 23 June 2017
"
20171201,0,Y,12,1,171.85,176.05,-43.75,-40.5,Y,0,0,Y,29,27,vertical,none,0.09023,llgrid,ramp,2016-11-14,-1.0,2016-12-14,0,0,grid_ka_20161114pe1_V_L1.csv,"Event: Kaikoura earthquake postearthquake month 0-1,  14 November 2016
 Source model: Geodetic source model, based on GPS, InSAR, and LiDAR data; elastic half-space assumption; 
 Version: Model 002, 23 June 2017
"
20171201,0,Y,12,2,172.675,175.3375,-43.03125,-40.75,Y,0,0,Y,72,74,vertical,none,0.14358,llgrid,ramp,2016-11-14,-1.0,2016-12-14,0,0,grid_ka_20161114pe1_V_L2.csv,"Event: Kaikoura earthquake postearthquake month 0-1,  14 November 2016
 Source model: Geodetic source model, based on GPS, InSAR, and LiDAR data; elastic half-space assumption; 
 Version: Model 002, 23 June 2017
"
20171201,0,Y,12,3,172.84375,173.696875,-42.6875,-42.0546875,Y,0,0,Y,92,82,vertical,none,0.09406,llgrid,ramp,2016-11-14,-1.0,2016-12-14,0,0,grid_ka_20161114pe1_V_L3_00.csv,"Event: Kaikoura earthquake postearthquake month 0-1,  14 November 2016
 Source model: Geodetic source model, based on GPS, InSAR, and LiDAR data; elastic half-space assumption; 
 Version: Model 002, 23 June 2017
"
20171201,0,Y,12,4,173.696875,174.540625,-42.53125,-41.609375,Y,0,0,Y,91,119,vertical,none,0.19131,llgrid,ramp,2016-11-14,-1.0,2016-12-14,0,0,grid_ka_20161114pe1_V_L3_01.csv,"Event: Kaikoura earthquake postearthquake month 0-1,  14 November 2016
 Source model: Geodetic source model, based on GPS, InSAR, and LiDAR data; elastic half-space assumption; 
 Version: Model 002, 23 June 2017
"
20171201,0,N,26,1,169.6,176.35,-43.75,-38.875,Y,0,0,Y,46,40,horizontal,none,0.03144,llgrid,ramp,2016-12-14,0,2017-02-14,1.0,0,grid_ka_20161114pe3_H_L1_F.csv,"Event: Kaikoura earthquake months1-3 post-earthquake,  14 November 2016
 Source model: Geodetic source model, based on GPS, InSAR, and LiDAR data; elastic half-space assumption; 
 Version: Model 002, 23 June 2017
"
20171201,0,N,26,2,172.525,174.9625,-42.90625,-41.0625,Y,0,0,Y,66,60,horizontal,none,0.03321,llgrid,ramp,2016-12-14,0,2017-02-14,1.0,0,grid_ka_20161114pe3_H_L2_F.csv,"Event: Kaikoura earthquake months1-3 post-earthquake,  14 November 2016
 Source model: Geodetic source model, based on GPS, InSAR, and LiDAR data; elastic half-space assumption; 
 Version: Model 002, 23 June 2017
"
20171201,0,Y,28,1,172.45,174.925,-43.0,-41.28125,Y,0,0,Y,67,56,horizontal,none,0.18114,llgrid,ramp,2016-12-14,-1.0,2017-02-14,0,0,grid_ka_20161114pe3_H_L2_R.csv,"Event: Kaikoura earthquake months1-3 post-earthquake,  14 November 2016
 Source model: Geodetic source model, based on GPS, InSAR, and LiDAR data; elastic half-space assumption; 
 Version: Model 002, 23 June 2017
"
20171201,0,Y,28,2,172.91875,173.734375,-42.703125,-42.0,Y,0,0,Y,88,91,horizontal,none,0.09258,llgrid,ramp,2016-12-14,-1.0,2017-02-14,0,0,grid_ka_20161114pe3_H_L3_R_00.csv,"Event: Kaikoura earthquake months1-3 post-earthquake,  14 November 2016
 Source model: Geodetic source model, based on GPS, InSAR, and LiDAR data; elastic half-space assumption; 
 Version: Model 002, 23 June 2017
"
20171201,0,Y,28,3,173.734375,174.55,-42.5,-41.5546875,Y,0,0,Y,88,122,horizontal,none,0.21809,llgrid,ramp,2016-12-14,-1.0,2017-02-14,0,0,grid_ka_20161114pe3_H_L3_R_01.csv,"Event: Kaikoura earthquake months1-3 post-earthquake,  14 November 2016
 Source model: Geodetic source model, based on GPS, InSAR, and LiDAR data; elastic half-space assumption; 
 Version: Model 002, 23 June 2017
"
20171201,0,Y,30,1,171.4,175.9,-43.625,-40.25,Y,0,0,Y,31,28,vertical,none,0.05649,llgrid,ramp,2016-12-14,-1.0,2017-02-14,0,0,grid_ka_20161114pe3_V_L1.csv,"Event: Kaikoura earthquake months1-3 post-earthquake,  14 November 2016
 Source model: Geodetic source model, based on GPS, InSAR, and LiDAR data; elastic half-space assumption; 
 Version: Model 002, 23 June 2017
"
20171201,0,Y,30,2,172.1875,175.225,-43.0,-40.65625,Y,0,0,Y,82,76,vertical,none,0.10169,llgrid,ramp,2016-12-14,-1.0,2017-02-14,0,0,grid_ka_20161114pe3_V_L2.csv,"Event: Kaikoura earthquake months1-3 post-earthquake,  14 November 2016
 Source model: Geodetic source model, based on GPS, InSAR, and LiDAR data; elastic half-space assumption; 
 Version: Model 002, 23 June 2017
"
20171201,0,Y,30,3,172.825,173.678125,-42.6875,-42.0703125,Y,0,0,Y,92,80,vertical,none,0.0417,llgrid,ramp,2016-12-14,-1.0,2017-02-14,0,0,grid_ka_20161114pe3_V_L3_00.csv,"Event: Kaikoura earthquake months1-3 post-earthquake,  14 November 2016
 Source model: Geodetic source model, based on GPS, InSAR, and LiDAR data; elastic half-space assumption; 
 Version: Model 002, 23 June 2017
"
20171201,0,Y,30,4,173.678125,174.53125,-42.5234375,-41.5859375,Y,0,0,Y,92,121,vertical,none,0.12522,llgrid,ramp,2016-12-14,-1.0,2017-02-14,0,0,grid_ka_20161114pe3_V_L3_01.csv,"Event: Kaikoura earthquake months1-3 post-earthquake,  14 November 2016
 Source model: Geodetic source model, based on GPS, InSAR, and LiDAR data; elastic half-space assumption; 
 Version: Model 002, 23 June 2017
"
20171201,0,N,31,1,171.1,177.4,-43.5,-38.625,Y,2016-11-14,0,Y,43,40,horizontal,none,0.19000,llgrid,step,2016-11-14,0,2016-11-14,1.0,0,grid_hor_refinement.csv,"Event: Kaikoura earthquake,  14 November 2016
Refinement for horizontal difference between observations and model"
20180701,0,Y,0,0,171.5,175.76,-43.425,-40.56,Y,0,2016-11-14,Y,214,192,horizontal,none,0.8392,llgrid,step,2016-11-14,-1.0,2016-11-14,0.0,0,grid_hor_refinement2.csv,"Kaikoura earthquake second refinement grid - horizontal"
20180701,0,Y,0,0,171.9,176.2,-43.365,-40.395,Y,0,2016-11-14,Y,216,199,vertical,none,0.7993,llgrid,step,2016-11-14,-1.0,2016-11-14,0,0.0,grid_vrt_refinement2.csv,"Kaikoura earthquake second refinement grid -vertical"
