version_added,version_revoked,reverse_patch,component,priority,min_lon,max_lon,min_lat,max_lat,spatial_complete,min_date,max_date,time_complete,npoints1,npoints2,displacement_type,error_type,max_displacement,spatial_model,time_function,time0,factor0,time1,factor1,decay,file1,description
20130801,0,Y,1,0,168.09999999999999,176.19999999999999,-46.75,-40.375,Y,0,0,Y,55,52,3d,none,1.48469,llgrid,step,2010-09-04,-1.0,2010-09-04,0,0,grid_c1_L1.csv,Darfield earthquake
20130801,0,Y,1,1,171.09999999999999,173.27500000000001,-44.34375,-42.8125,Y,0,0,Y,59,50,3d,none,3.18522,llgrid,step,2010-09-04,-1.0,2010-09-04,0,0,grid_c1_L2.csv,Darfield earthquake
20130801,0,Y,1,2,171.625,172.72187500000001,-43.8984375,-43.25,Y,0,0,Y,118,84,3d,none,3.18522,llgrid,step,2010-09-04,-1.0,2010-09-04,0,0,grid_c1_L3.csv,Darfield earthquake
20130801,0,Y,1,3,171.8125,172.52734375,-43.697265625,-43.423828125,Y,0,0,Y,306,141,3d,none,3.6466,llgrid,step,2010-09-04,-1.0,2010-09-04,0,0,grid_c1_L4.csv,Darfield earthquake
