version_added,version_revoked,reverse_patch,component,priority,min_lon,max_lon,min_lat,max_lat,spatial_complete,min_date,max_date,time_complete,npoints1,npoints2,displacement_type,error_type,max_displacement,spatial_model,time_function,time0,factor0,time1,factor1,decay,file1,file2,description
20130801,0,Y,1,0,166.0,172.30000000000001,-47.5,-43.5,Y,0,0,Y,43,33,3d,none,0.720489123989056,llgrid,step,2003-08-21,-1.0,2003-08-21,0,0,grid_si_L1.csv,,"Event: Secretary Island (Fiordland) earthquake,  21 August 2003
Source model: Geodetic source model, based on GPS data; elastic half-space assumption; uniform slip on a rectangular fault plane
Version: Model 205, 28 November 2003
"
20130801,0,Y,1,1,166.26249999999999,167.94999999999999,-45.875,-44.5,Y,0,0,Y,46,45,3d,none,0.7309594432488351,llgrid,step,2003-08-21,-1.0,2003-08-21,0,0,grid_si_L2.csv,,"Event: Secretary Island (Fiordland) earthquake,  21 August 2003
Source model: Geodetic source model, based on GPS data; elastic half-space assumption; uniform slip on a rectangular fault plane
Version: Model 205, 28 November 2003
"
20130801,0,Y,1,2,166.5625,167.42500000000001,-45.453125,-44.828125,Y,0,0,Y,93,81,3d,none,0.7354026813071014,llgrid,step,2003-08-21,-1.0,2003-08-21,0,0,grid_si_L3.csv,,"Event: Secretary Island (Fiordland) earthquake,  21 August 2003
Source model: Geodetic source model, based on GPS data; elastic half-space assumption; uniform slip on a rectangular fault plane
Version: Model 205, 28 November 2003
"
