version_added,version_revoked,reverse_patch,component,priority,min_lon,max_lon,min_lat,max_lat,spatial_complete,min_date,max_date,time_complete,npoints1,npoints2,displacement_type,error_type,max_displacement,spatial_model,time_function,time0,factor0,time1,factor1,decay,file1,description
20130801,0,Y,1,0,171.40000000000001,173.65000000000001,-44.375,-42.625,Y,0,0,Y,16,15,3d,none,0.14958089292556354,llgrid,step,2011-06-13,-1.0,2011-06-13,0,0,grid_c3_L1.csv,"Event: Christchurch June earthquake, 13 June 2011
Source model: Geodetic source model, based on GPS and differential InSAR (CSK, TSX, Envisat) data; elastic half-space assumption
Version: Model 0.4, 14 Dec 2011
"
20130801,0,Y,1,1,172.15000000000001,173.34999999999999,-44.03125,-43.09375,Y,0,0,Y,33,31,3d,none,0.22210957095006015,llgrid,step,2011-06-13,-1.0,2011-06-13,0,0,grid_c3_L2.csv,"Event: Christchurch June earthquake, 13 June 2011
Source model: Geodetic source model, based on GPS and differential InSAR (CSK, TSX, Envisat) data; elastic half-space assumption
Version: Model 0.4, 14 Dec 2011
"
20130801,0,Y,1,2,172.515625,172.984375,-43.7421875,-43.375,Y,0,0,Y,51,48,3d,none,0.24566630356018587,llgrid,step,2011-06-13,-1.0,2011-06-13,0,0,grid_c3_L3.csv,"Event: Christchurch June earthquake, 13 June 2011
Source model: Geodetic source model, based on GPS and differential InSAR (CSK, TSX, Envisat) data; elastic half-space assumption
Version: Model 0.4, 14 Dec 2011
"
20130801,0,Y,1,3,172.65390625000001,172.85781249999999,-43.646484375,-43.484375,Y,0,0,Y,88,84,3d,none,0.24710851149282292,llgrid,step,2011-06-13,-1.0,2011-06-13,0,0,grid_c3_L4.csv,"Event: Christchurch June earthquake, 13 June 2011
Source model: Geodetic source model, based on GPS and differential InSAR (CSK, TSX, Envisat) data; elastic half-space assumption
Version: Model 0.4, 14 Dec 2011
"
