version_added,version_revoked,reverse_patch,component,priority,min_lon,max_lon,min_lat,max_lat,spatial_complete,min_date,max_date,time_complete,npoints1,npoints2,displacement_type,error_type,max_displacement,spatial_model,time_function,time0,factor0,time1,factor1,decay,file1,description
20130801,0,Y,1,0,171.55000000000001,173.65000000000001,-44.25,-42.75,Y,0,0,Y,15,13,3d,none,0.17963,llgrid,step,2011-12-23,-1.0,2011-12-23,0,0,grid_c4_L1.csv,Christchurch earthquake
20130801,0,Y,1,1,172.1875,173.34999999999999,-43.9375,-43.03125,Y,0,0,Y,32,30,3d,none,0.31696,llgrid,step,2011-12-23,-1.0,2011-12-23,0,0,grid_c4_L2.csv,Christchurch earthquake
20130801,0,Y,1,2,172.55312499999999,173.03125,-43.6484375,-43.3125,Y,0,0,Y,52,44,3d,none,0.4091,llgrid,step,2011-12-23,-1.0,2011-12-23,0,0,grid_c4_L3.csv,Christchurch earthquake
20130801,0,Y,1,3,172.67734375000001,172.87890625,-43.5390625,-43.421875,Y,0,0,Y,87,61,3d,none,0.41421,llgrid,step,2011-12-23,-1.0,2011-12-23,0,0,grid_c4_L4.csv,Christchurch earthquake
