version_added,version_revoked,reverse_patch,component,priority,min_lon,max_lon,min_lat,max_lat,spatial_complete,min_date,max_date,time_complete,npoints1,npoints2,displacement_type,error_type,max_displacement,spatial_model,time_function,time0,factor0,time1,factor1,decay,file1,file2,description
20140201,0,N,1,0,171.55000000000001,176.5,-43.25,-39.5,Y,0,0,Y,34,31,3d,none,0.07586710461282807,llgrid,step,2013-07-21,0,2013-07-21,1.0,0,grid_cs_20130721_L1.csv,,"Event: Mw 6.6 Cook Strait earthquake, 21 July 2013
Source model: Geodetic source model, based on GPS; elastic half-space assumption
Version: 24 January 2014
"
20140201,0,N,1,1,173.53749999999999,175.11250000000001,-42.15625,-41.03125,Y,0,0,Y,43,37,3d,none,0.0810122138709991,llgrid,step,2013-07-21,0,2013-07-21,1.0,0,grid_cs_20130721_L2.csv,,"Event: Mw 6.6 Cook Strait earthquake, 21 July 2013
Source model: Geodetic source model, based on GPS; elastic half-space assumption
Version: 24 January 2014
"
20140201,0,N,1,2,173.98750000000001,174.66249999999999,-41.8203125,-41.3828125,Y,0,0,Y,73,57,3d,none,0.08202080085571159,llgrid,step,2013-07-21,0,2013-07-21,1.0,0,grid_cs_20130721_L3.csv,,"Event: Mw 6.6 Cook Strait earthquake, 21 July 2013
Source model: Geodetic source model, based on GPS; elastic half-space assumption
Version: 24 January 2014
"
20140201,0,N,1,3,174.28984374999999,174.43046874999999,-41.66796875,-41.576171875,Y,0,0,Y,61,48,3d,none,0.0822526635829405,llgrid,step,2013-07-21,0,2013-07-21,1.0,0,grid_cs_20130721_L4.csv,,"Event: Mw 6.6 Cook Strait earthquake, 21 July 2013
Source model: Geodetic source model, based on GPS; elastic half-space assumption
Version: 24 January 2014
"
